left_ear,right_ear,avg_ear,eye_difference,ratio,head_roll,left_lid_bulge,right_lid_bulge,filename,label,class
0.20873966018483328,0.21525328388055787,0.21199647203269556,-0.006513623695724585,0.9697397243921309,0.26164433,-0.159075838261645,-0.1619140315645986,clear.webp,0,open
0.2672348628553852,0.27218540478817227,0.2697101338217788,-0.004950541932787045,0.9818118758548432,0.39418215,-0.1895731093917892,-0.18932111960777237,clear2.webp,0,open
0.22414706804147616,0.22913361518663858,0.22664034161405738,-0.004986547145162418,0.9782373828427545,5.6062956,-0.17363487074046519,-0.18081729377535952,clear3.webp,0,open
0.2740445957922138,0.2468589057999478,0.2604517507960808,0.027185689992266004,0.9007982992195959,-12.969364,-0.191280996776606,-0.18228969237259862,clear4.webp,0,open
0.2521282963045043,0.2335011038546195,0.2428147000795619,0.018627192449884783,0.9261201827684266,8.557664,-0.18912716142368935,-0.17460306131476297,clear6.webp,0,open
0.3012788814886179,0.2715746968982581,0.286426789193438,0.02970418459035984,0.901406350011685,-3.073034,-0.1994606062498895,-0.18667081202530644,fra-418.jpg,0,open
0.35866313786770126,0.2825261895432336,0.3205946637054674,0.07613694832446766,0.7877201744870921,3.8304656,-0.2335728222355959,-0.19886777176183806,fra-419.jpg,0,open
0.2779580894735722,0.24368490500900877,0.2608214972412905,0.03427318446456343,0.8766965749064048,-13.528742,-0.19970299575278397,-0.1801147821110735,fra-420.jpg,0,open
0.2613504631977896,0.3433157838986337,0.3023331235482116,-0.08196532070084411,0.761253852735635,6.2923694,-0.19448498138451487,-0.22389661936636776,fra-421.jpg,0,open
0.2543384577794813,0.31384565539315823,0.28409205658631975,-0.059507197613676954,0.810393431958994,0.9679893,-0.1778906357655925,-0.2061446892178724,fra-422.jpg,0,open
0.26272640384049156,0.3341338335620585,0.298430118701275,-0.07140742972156694,0.7862909333056077,-0.16611496,-0.17512892429481094,-0.2144689985412818,fra-423.jpg,0,open
0.25799817323501467,0.34267148638844214,0.30033482981172843,-0.08467331315342747,0.7529023670868129,-5.3329344,-0.1904143849427489,-0.23120812684370393,fra-424.jpg,0,open
0.25268592732518297,0.2522360766022455,0.25246100196371424,0.00044985072293746153,0.9982197238773866,-8.45283,-0.18343192135148678,-0.18864855788863136,fra-425.jpg,0,open
0.27673775722291216,0.2756417850826967,0.2761897711528044,0.001095972140215451,0.9960396725361453,-5.308873,-0.1948102885617065,-0.20040667051567104,fra-426.jpg,0,open
0.276967293597791,0.26881846450878816,0.27289287905328957,0.00814882908900283,0.970578370524729,-2.3333454,-0.19268869076212183,-0.1920309952569963,fra-427.jpg,0,open
0.2589832714123319,0.2596301024244996,0.25930668691841574,-0.0006468310121676701,0.9975086440049618,-5.247046,-0.18432590301976967,-0.19062395768869997,fra-429.jpg,0,open
0.2504366345195465,0.3550469507972327,0.30274179265838963,-0.10461031627768619,0.7053620203108598,-6.474737,-0.181334644788107,-0.21586965995589716,fra-430.jpg,0,open
0.2615115500310734,0.3881724367364389,0.3248419933837562,-0.12666088670536552,0.6736994317003356,7.5341415,-0.2028311213685254,-0.24578107385405015,fra-431.jpg,0,open
0.25302054148128234,0.34601640881132634,0.29951847514630436,-0.092995867330044,0.7312385627909566,5.4798355,-0.20390825887078196,-0.23060851037355098,fra-432.jpg,0,open
0.34128703143376526,0.2841640121271375,0.3127255217804514,0.057123019306627776,0.8326246998995218,-10.607911,-0.2257996877757705,-0.2077582860997615,fra-433.jpg,0,open
0.2770461918095338,0.2425532265130347,0.25979970916128425,0.03449296529649912,0.8754974213101162,-25.510303,-0.20694204031879482,-0.1868451007033898,fra-434.jpg,0,open
0.2546630963404781,0.22337932988311515,0.23902121311179664,0.03128376645736297,0.8771562628943403,-22.773344,-0.18691859899913116,-0.16728000055598127,fra-435.jpg,0,open
0.2555602049853957,0.2204593711735211,0.2380097880794584,0.03510083381187462,0.8626514100116625,-40.322807,-0.17769689394545263,-0.17757276331455116,fra-436.jpg,0,open
0.20947635352732594,0.3386486901509881,0.274062521839157,-0.12917233662366215,0.6185653735554977,16.183979,-0.12120963572609074,-0.2071953665546296,fra-437.jpg,0,open
0.2350804754405075,0.3302617807467016,0.28267112809360456,-0.09518130530619409,0.7118004236185156,20.909443,-0.14959357239751042,-0.20721042194605735,fra-438.jpg,0,open
0.2441721654241739,0.3435056358760309,0.2938389006501024,-0.099333470451857,0.7108243356807519,21.681046,-0.15847352895137437,-0.2225313496304362,fra-439.jpg,0,open
0.2714879776324931,0.2528465171946134,0.26216724741355324,0.01864146043787973,0.9313359633806171,-6.71363,-0.20256230473036627,-0.1960144825232516,fra-440.jpg,0,open
0.28083527660541463,0.2563036016485045,0.2685694391269596,0.02453167495691011,0.912647459203004,-11.40325,-0.19885799875173718,-0.18649426784319906,fra-441.jpg,0,open
0.2683352070604389,0.2846765052380754,0.27650585614925716,-0.01634129817763652,0.9425969552212597,-16.720894,-0.20286196255035444,-0.20924668741903943,fra-442.jpg,0,open
0.2845142025539881,0.37297926461156317,0.3287467335827756,-0.08846506205757504,0.7628150665434272,5.2008047,-0.20408292454061486,-0.24993815933038538,fra-443.jpg,0,open
0.27144457865211286,0.352929436525626,0.3121870075888694,-0.08148485787351312,0.7691185561746234,6.394243,-0.20284021127280535,-0.2382038712176855,fra-444.jpg,0,open
0.32035774159336566,0.26656374546323436,0.2934607435283,0.053793996130131305,0.8320814853339404,-1.3442386,-0.22281434880574538,-0.1954625697118817,fra-445.jpg,0,open
0.27023837458376765,0.1863731920373502,0.22830578331055892,0.08386518254641745,0.6896622003607368,1.2357706,-0.17661186986855895,-0.12036218680507617,fra-446.jpg,0,open
0.28019558924376786,0.27998055524684184,0.28008807224530485,0.00021503399692601732,0.9992325575234557,-8.7839365,-0.1894996695231713,-0.19358485220472096,fra-447.jpg,0,open
0.26972433341942625,0.2701402901374864,0.26993231177845634,-0.000415956718060162,0.9984602196220028,-10.54737,-0.19166918821600745,-0.19686543287718794,fra-448.jpg,0,open
0.2649352163922069,0.26253417471492635,0.26373469555356666,0.0024010416772805576,0.9909372498304413,-10.455011,-0.1889224441042437,-0.19234829303739112,fra-449.jpg,0,open
0.2645969364081157,0.27860383666396876,0.27160038653604224,-0.01400690025585305,0.9497246684626705,-4.8586183,-0.188281414401395,-0.2027890944934589,fra-450.jpg,0,open
0.24467414155319922,0.24638875584187536,0.2455314486975373,-0.0017146142886761417,0.9930410205497505,-16.28041,-0.18618001542429316,-0.18576249043303172,fra-451.jpg,0,open
0.26836175117190736,0.2872781481438987,0.277819949657903,-0.018916396971991323,0.9341530252328275,0.6329269,-0.1922842125149334,-0.20874654633039386,fra-452.jpg,0,open
0.31921927938105454,0.2520041624833272,0.2856117209321909,0.06721511689772736,0.7894390431929641,-6.6941957,-0.22108217679423972,-0.18383928386819323,fra-453.jpg,0,open
0.25374033386383227,0.2888633136700636,0.27130182376694795,-0.03512297980623136,0.8784096901749578,-3.7338371,-0.1850931004525251,-0.20953748563374636,fra-454.jpg,0,open
0.25497670945115297,0.264503286180704,0.2597399978159285,-0.00952657672955104,0.9639831441525356,-12.373131,-0.1854428267597574,-0.19241096302295543,fra-455.jpg,0,open
0.2795910489632683,0.30910045409404824,0.2943457515286583,-0.02950940513077993,0.9045313433224486,9.346029,-0.19255815806503523,-0.21227316957212491,fra-456.jpg,0,open
0.2733491270353171,0.3659117823956901,0.3196304547155036,-0.092562655360373,0.7470355976122204,6.4070826,-0.20113376614293596,-0.2541075436898341,fra-457.jpg,0,open
0.23683349037177756,0.2643365689863887,0.25058502967908314,-0.027503078614611126,0.8959543179361334,12.850141,-0.18128093224054012,-0.20499181208282619,fra-458.jpg,0,open
0.21749577479418278,0.24343576920142745,0.2304657719978051,-0.025939994407244676,0.8934421408475063,-6.0722523,-0.16956084302319016,-0.1887326083086808,fra-459.jpg,0,open
0.248202421259329,0.3460274459494142,0.2971149336043716,-0.0978250246900852,0.7172911402398229,-0.59443504,-0.17941817622655845,-0.22077718489121756,fra-460.jpg,0,open
0.25067796228485234,0.34201990793412756,0.29634893510948995,-0.09134194564927522,0.7329338335858873,-5.990347,-0.17752653501817608,-0.2184885243615894,fra-461.jpg,0,open
0.2387373414897662,0.3055508604191162,0.2721441009544412,-0.06681351892935003,0.7813342144162067,-2.1777923,-0.1861774926386995,-0.2123918350434055,fra-462.jpg,0,open
0.26852819210168516,0.3583280872001136,0.3134281396508994,-0.08979989509842845,0.7493919725910898,-0.85531723,-0.19533789865459025,-0.23557399306025703,fra-463.jpg,0,open
0.2750428030472232,0.3686631796229276,0.3218529913350754,-0.09362037657570438,0.7460544427803714,11.957604,-0.20843790387834132,-0.2583630089162525,fra-464.jpg,0,open
0.2618398716241673,0.2437904524036441,0.2528151620139057,0.018049419220523166,0.9310669566534524,-6.6189346,-0.20033217528495187,-0.1874564316909261,fra-465.jpg,0,open
0.2586624554313362,0.3213199555997554,0.2899912055155458,-0.0626575001684192,0.8049996613143223,-3.142754,-0.1983539317515267,-0.23247302050687577,fra-466.jpg,0,open
0.2673876770177431,0.32037231790357656,0.29387999746065985,-0.05298464088583349,0.8346154211058259,-5.250249,-0.2007602765122859,-0.23009199604527636,fra-467.jpg,0,open
0.35220480841339,0.2892765429093167,0.32074067566135334,0.06292826550407332,0.821330475902495,15.300968,-0.21672283915840848,-0.19990569154480942,fra-468.jpg,0,open
0.2844584002868429,0.38934919015177577,0.33690379521930935,-0.10489078986493289,0.7305996968324386,-29.524397,-0.1946276200424468,-0.2516574909387611,fra-469.jpg,0,open
0.21634783091145063,0.2253367689750259,0.22084229994323826,-0.008988938063575258,0.9601088712487419,0.14366135,-0.16988406780658533,-0.1814821845005325,fra-470.jpg,0,open
0.26793012816188255,0.2768915879666855,0.272410858064284,-0.008961459804802951,0.9676354927550881,0.60168165,-0.19264181406772213,-0.20278678580194814,fra-471.jpg,0,open
0.3601693755467141,0.29467140480616616,0.3274203901764401,0.06549797074054792,0.81814675209094,17.821041,-0.23032156193271067,-0.20663133551993468,fra-472.jpg,0,open
0.3581151872190266,0.2874937734062599,0.32280448031264325,0.07062141381276665,0.8027969314533038,14.489237,-0.22653318545266782,-0.1976336696855828,fra-473.jpg,0,open
0.34170569701436704,0.27076871380187173,0.3062372054081194,0.07093698321249531,0.7924032761750742,3.941217,-0.2286674031932212,-0.19445642238879954,fra-474.jpg,0,open
0.35160705197318703,0.3020397182958296,0.3268233851345083,0.04956733367735744,0.8590263380691883,13.159938,-0.22471105894234963,-0.2131207026254998,fra-475.jpg,0,open
0.33753928737569894,0.2785490832860197,0.3080441853308593,0.058990204089679255,0.8252345540327575,8.396696,-0.22134617041054155,-0.20278413197116846,fra-476.jpg,0,open
0.3530063773419794,0.2841952297808147,0.3186008035613971,0.06881114756116474,0.8050710922581915,5.0206656,-0.22760120639760373,-0.20505029948579243,fra-477.jpg,0,open
0.3277424359059026,0.2739159053892842,0.3008291706475934,0.0538265305166184,0.8357657580476627,0.11576715,-0.21917852055062775,-0.19878963487827656,fra-478.jpg,0,open
0.2439613108839042,0.24068337583956814,0.24232234336173616,0.0032779350443360444,0.9865637094977903,-13.511838,-0.18363954029011786,-0.18236125873682807,fra-479.jpg,0,open
0.26820020465253985,0.2702235724091922,0.26921188853086603,-0.00202336775665235,0.9925122455505532,-0.47279665,-0.19288169930541313,-0.19987609090505948,open1.webp,0,open
0.23471936044271202,0.24255068637103838,0.2386350234068752,-0.00783132592832636,0.9677126210381177,-4.6294217,-0.18882370409696025,-0.1930824783889352,open10.webp,0,open
0.2883274551752281,0.3050646001499571,0.2966960276625926,-0.016737144974729,0.9451357352950761,-6.5034328,-0.20018214722379316,-0.2085985412181062,open11.webp,0,open
0.2490563977468921,0.24381841131290438,0.24643740452989824,0.005237986433987707,0.9789686734355209,0.06905565,-0.1893577169358062,-0.18021296522708086,open12.webp,0,open
0.24194851073492885,0.2159008721704916,0.22892469145271022,0.02604763856443726,0.8923422240322272,-0.27845576,-0.1891034237773844,-0.16410614771444695,open13.webp,0,open
0.20645175703280774,0.21509908375887563,0.21077542039584168,-0.008647326726067883,0.9597984027874267,-3.039949,-0.16426345930559866,-0.16928860582930422,open14.webp,0,open
0.27696345726233484,0.27841245481043675,0.2776879560363858,-0.0014489975481019046,0.9947955002620537,0.13005973,-0.19545580915053498,-0.19597929351064305,open15.webp,0,open
0.2903569284873156,0.283491248090037,0.2869240882886763,0.006865680397278584,0.9763543427978557,-0.65564114,-0.19759682913020407,-0.19565807189275114,open16.webp,0,open
0.2864014786868668,0.2825276701896561,0.28446457443826145,0.0038738084972106956,0.9864742021760088,-0.12376721,-0.20938354691448718,-0.20684984079434682,open17.webp,0,open
0.2236707340904437,0.23721690019715932,0.23044381714380152,-0.013546166106715635,0.9428954425445365,-0.83008504,-0.17081224585564633,-0.17770868875554122,open18.webp,0,open
0.2272159571422571,0.2235592513069377,0.22538760422459742,0.0036567058353193793,0.9839064743457698,-3.4960828,-0.17101247579239376,-0.16668485032871905,open19.webp,0,open
0.22045705225316878,0.22603141720030645,0.2232442347267376,-0.005574364947137672,0.9753380967292802,-1.28711,-0.16463742640035947,-0.17130337124991474,open20.webp,0,open
0.2530464706779021,0.2611050814205207,0.2570757760492114,-0.0080586107426186,0.9691365227410498,-1.0587445,-0.1758846983887444,-0.1832120897703837,open21.webp,0,open
0.23557694836123538,0.24635206596549716,0.24096450716336626,-0.01077511760426178,0.9562613061025805,-0.09779825,-0.1709956120390761,-0.18019496419188963,open22.webp,0,open
0.26039004309613806,0.2586571403514078,0.25952359172377293,0.001732902744730258,0.9933449730868148,0.17124747,-0.17832555756910523,-0.17954130135086221,open23.webp,0,open
0.2271477700122745,0.21815414754294576,0.22265095877761015,0.00899362246932875,0.9604062920413317,-1.1054415,-0.17756398786625202,-0.16873075219117992,open24.webp,0,open
0.23417469849367356,0.25227798819289443,0.243226343343284,-0.01810328969922087,0.9282407084783834,-0.053250622,-0.17426381699931617,-0.19003532917743415,open25.webp,0,open
0.2449980258129311,0.2536027363595452,0.24930038108623814,-0.00860471054661413,0.966070119470577,-0.6735732,-0.1603208267071916,-0.1701215301495051,open26.webp,0,open
0.2557456322843698,0.27188847730423016,0.26381705479429995,-0.016142845019860352,0.9406269615398328,-8.056289,-0.17083076574826325,-0.18299633926718045,open27.webp,0,open
0.26595617726882703,0.27095626686660174,0.26845622206771436,-0.005000089597774704,0.9815465069119942,-0.39293858,-0.18733914124217482,-0.19382578351015695,open28.webp,0,open
0.24427865585938674,0.2471350276295085,0.24570684174444762,-0.0028563717701217683,0.9884420602068441,-0.13200139,-0.16905255545005166,-0.17504189442424123,open29.webp,0,open
0.2877079650774714,0.2858947351462523,0.2868013501118618,0.0018132299312190736,0.9936976721143927,-1.2820246,-0.20681718904853383,-0.20793739519284515,open30.webp,0,open
0.2445202101201746,0.2554040775515476,0.2499621438358611,-0.010883867431372984,0.957385694325196,-0.15557349,-0.17908283411096773,-0.18616975732037683,open31.webp,0,open
0.25095732572798046,0.2777533845888834,0.2643553551584319,-0.026796058860902916,0.9035257161652049,1.512198,-0.1759099994046625,-0.1929666081346445,open32.webp,0,open
0.24601050881869202,0.2435667056523497,0.24478860723552087,0.002443803166342323,0.9900662651442123,0.72434425,-0.17269446689355003,-0.17274668828319828,open33.webp,0,open
0.23873093081707636,0.2459339990359776,0.242332464926527,-0.007203068218901237,0.9707113768444537,-7.566764,-0.1853084866451979,-0.18603206129529484,open34.webp,0,open
0.26574793985580214,0.2781568185127916,0.2719523791842969,-0.012408878656989475,0.9553889107470547,-0.3705425,-0.19073838775777507,-0.19678708095914338,open35.webp,0,open
0.23197736058459192,0.2582721928979677,0.2451247767412798,-0.026294832313375788,0.8981894565638983,0.5049438,-0.16554473127433544,-0.17874828777131996,open36.webp,0,open
0.20624666434634037,0.1979409159846519,0.20209379016549614,0.008305748361688459,0.9597290536163969,0.51954645,-0.15669219911767046,-0.15040516158485565,open37.webp,0,open
0.30716174853476325,0.31028642995224653,0.3087240892435049,-0.003124681417483288,0.9899296871669052,0.13973434,-0.20667250966432757,-0.2110667117568822,open38.webp,0,open
0.24212166397177606,0.24489824805419003,0.24350995601298303,-0.002776584082413963,0.9886622950369185,-0.90255576,-0.185380810388437,-0.18734075443857676,open39.webp,0,open
0.2616546067407805,0.25667804910198955,0.25916632792138505,0.004976557638790957,0.9809804317960233,0.278414,-0.1831829092450082,-0.18434914076637393,open40.webp,0,open
0.2764722077943451,0.2739471992521213,0.2752097035232332,0.0025250085422238167,0.9908670438798606,-0.60579723,-0.19376329018758687,-0.18847387612296784,open41.webp,0,open
0.24076226221183214,0.2416839969310289,0.24122312957143052,-0.0009217347191967651,0.996186198793047,-0.9575624,-0.18559230242168578,-0.18411120651077317,open42.webp,0,open
0.2749944891985936,0.28017678941011814,0.27758563930435587,-0.005182300211524549,0.9815034635009012,0.6774971,-0.18415401460507705,-0.1884529372459562,open43.webp,0,open
0.25057524215993643,0.2662774649941875,0.25842635357706195,-0.015702222834251045,0.9410305981597286,-8.259397,-0.16709551367591619,-0.17926357962880332,open44.webp,0,open
0.26595617726882703,0.27095626686660174,0.26845622206771436,-0.005000089597774704,0.9815465069119942,-0.39293858,-0.18733914124217482,-0.19382578351015695,open45.webp,0,open
0.23129540726187103,0.24283370499296622,0.2370645561274186,-0.011538297731095187,0.9524847766440437,-1.1106734,-0.17621041653024175,-0.18037966881899792,open46.webp,0,open
0.2253130392915961,0.2371658069757232,0.23123942313365964,-0.011852767684127102,0.9500232860914036,-0.7709465,-0.17825078440152786,-0.18639156786370498,open47.webp,0,open
0.2560393633008266,0.24769934662553314,0.25186935496317986,0.008340016675293466,0.9674268184087984,-1.9427196,-0.18950637260888809,-0.1852248696283217,open48.webp,0,open
0.2509666018339454,0.25532675079112616,0.2531466763125358,-0.004360148957180732,0.9829232583594517,-1.1368308,-0.1880821723565039,-0.19266021846418002,open49.webp,0,open
0.21491714571947262,0.22879074889867843,0.22185394730907554,-0.013873603179205801,0.9393611706505239,1.0767305,-0.1574274282385141,-0.16841321585903082,open50.webp,0,open
0.27516723104690466,0.276021106977512,0.27559416901220835,-0.0008538759306073174,0.9969064832035585,-0.25971642,-0.18772659894284893,-0.18831436379235555,open51.webp,0,open
0.1991916470396782,0.19506354686744828,0.19712759695356324,0.00412810017222992,0.9792757365402596,-1.6702998,-0.15630582967989803,-0.14991045752829782,open52.webp,0,open
0.21069829416720182,0.20329496816954026,0.20699663116837103,0.007403325997661553,0.9648629049090138,-1.5144479,-0.17309427842642844,-0.16388118873899615,open53.webp,0,open
0.25225223537133296,0.2525428597206272,0.2523975475459801,-0.00029062434929422176,0.9988492078151973,1.290332,-0.1833211621905221,-0.18538721634769217,open54.webp,0,open
0.21209993801922347,0.2062816339349627,0.2091907859770931,0.005818304084260761,0.97256810096883,1.1192234,-0.15948973332238478,-0.1553232431690404,open55.webp,0,open
0.23992897553026077,0.24021500433738863,0.2400719899338247,-0.0002860288071278583,0.9988092800118092,-0.5659196,-0.18246651543444478,-0.18055654629035833,open56.webp,0,open
0.218070838421793,0.22928661157300298,0.223678724997398,-0.011215773151209973,0.9510840468430972,-0.9201999,-0.17413836930321236,-0.18051669659332994,open57.webp,0,open
0.2677368635782797,0.2604522334316994,0.26409454850498953,0.007284630146580318,0.9727918298241719,-0.009882006,-0.18052017929706637,-0.1749741063269503,open58.webp,0,open
0.2602046357397808,0.2632604316295135,0.26173253368464716,-0.0030557958897327042,0.988392498368182,2.2953045,-0.18544585509969683,-0.18761841038891794,open59.webp,0,open
0.2677884292945943,0.2694849435111149,0.2686366864028546,-0.001696514216520617,0.9937046048123626,-1.1289675,-0.1816301638235508,-0.1847088086322189,open6.webp,0,open
0.19314105293062672,0.17705667758473564,0.18509886525768118,0.016084375345891078,0.9167221307855853,3.469818,-0.15371065831874225,-0.14419126199145452,open60.webp,0,open
0.24585293879274955,0.24906004925697345,0.2474564940248615,-0.0032071104642238946,0.9871231437005182,0.18005538,-0.16614061109072137,-0.16873336209237957,open61.webp,0,open
0.2541918562358021,0.26066661279769593,0.25742923451674904,-0.006474756561893835,0.9751607753198569,-14.501785,-0.18097090199226518,-0.18412668488957035,open62.webp,0,open
0.20614808446518418,0.18353289027156391,0.19484048736837406,0.022615194193620264,0.8902963650994308,-13.754231,-0.14771081288848995,-0.1285653887549965,open63.webp,0,open
0.23121136128295425,0.2280453873435346,0.22962837431324443,0.0031659739394196418,0.9863070139726172,0.07926573,-0.17315288245703261,-0.16589623964650696,open64.webp,0,open
0.22646805158335312,0.2642039584568161,0.24533600502008462,-0.03773590687346298,0.8571713039657924,-4.313626,-0.15137091746413406,-0.17741780601922522,open65.webp,0,open
0.2544902213420703,0.25865567442144727,0.2565729478817588,-0.004165453079376991,0.9838957599183001,17.242008,-0.18063591806219012,-0.18051110078003524,open66.webp,0,open
0.2647718663531113,0.2768594841507466,0.27081567525192896,-0.012087617797635342,0.956340243012756,-1.0181557,-0.18683019361339237,-0.19392424645832748,open67.webp,0,open
0.1806608858332613,0.1958509096381172,0.18825589773568924,-0.015190023804855901,0.9224408820315249,-0.76896685,-0.132416901865372,-0.14831444993069542,open68.webp,0,open
0.2554227996438159,0.267821115212141,0.26162195742797845,-0.012398315568325102,0.9537067286180763,9.804484,-0.18361040807128245,-0.19171605358821026,open69.webp,0,open
0.2686233743132271,0.25340196132900383,0.26101266782111543,0.015221412984223248,0.9433354858893463,-0.04312462,-0.19045481033548828,-0.17520438048485243,open7.webp,0,open
0.25608928470716463,0.26207917088126537,0.259084227794215,-0.005989886174100734,0.9771447454066678,0.020828366,-0.17061401511985647,-0.17660391507438966,open70.webp,0,open
0.25748186442472737,0.2649998064720582,0.26124083544839277,-0.007517942047330806,0.9716303866504011,-3.2706556,-0.17485787970972622,-0.18439735398921567,open71.webp,0,open
0.22911700422478115,0.23798129195216786,0.2335491480884745,-0.008864287727386705,0.9627521657073433,-0.92482466,-0.18004133538607509,-0.1852678183393552,open73.webp,0,open
0.2547652105972417,0.2568199905099546,0.25579260055359815,-0.0020547799127128563,0.9919991434131246,4.4848475,-0.17651923187200735,-0.17554033411799574,open74.webp,0,open
0.22501344139510707,0.23772903288921257,0.23137123714215982,-0.012715591494105505,0.9465122482535346,5.0580363,-0.16035706160948834,-0.16650949882198846,open75.webp,0,open
0.25809449536176726,0.2645358701380231,0.2613151827498952,-0.006441374776255837,0.975650278456018,-1.726891,-0.18424026663755852,-0.18801299323688533,open76.webp,0,open
0.244850017784263,0.25246403476436147,0.24865702627431224,-0.007614016980098476,0.9698411815876862,-0.58437824,-0.17354707125305713,-0.18147496701269797,open77.webp,0,open
0.25515503389649125,0.25034299976158153,0.2527490168290364,0.004812034134909715,0.9811407438786341,-30.385553,-0.18195553367988046,-0.1802062109522514,open78.webp,0,open
0.22536273201410773,0.24711585928044397,0.23623929564727586,-0.021753127266336242,0.9119719497984574,-0.10706378,-0.17155608108739376,-0.18705172141096865,open79.webp,0,open
0.24102304013911027,0.2418539319036193,0.2414384860213648,-0.0008308917645090397,0.9965644893263916,0.9124408,-0.18090960167009415,-0.1823659354464989,open8.webp,0,open
0.21853327035949113,0.23151945577401647,0.2250263630667538,-0.012986185414525342,0.9439088806981258,-0.90929633,-0.1735300627524746,-0.17956030765062583,open80.webp,0,open
0.314482231728856,0.2805510268371466,0.29751662928300127,0.033931204891709366,0.8921045405167292,-9.754609,-0.21226918566235645,-0.19876917872739164,open81.webp,0,open
0.3646247320130731,0.27640064138489223,0.3205126866989827,0.08822409062818087,0.7580413974085067,-5.7811503,-0.2402223667203839,-0.1996919956664226,open82.webp,0,open
0.21505026980835362,0.1986610966894344,0.20685568324889403,0.016389173118919215,0.9237891069212573,-5.7282405,-0.15846982085469122,-0.14606983418703567,open83.webp,0,open
0.19889447912531064,0.2023461930583015,0.20062033609180607,-0.003451713932990874,0.9829415425078132,-7.334626,-0.1475398932623527,-0.149475518430078,open84.webp,0,open
0.2776517048875015,0.289048142667597,0.28334992377754925,-0.01139643778009547,0.9605725272097622,6.6717653,-0.19302790226083136,-0.19932581496970556,open85.webp,0,open
0.26151667726944394,0.2637230208701914,0.26261984906981767,-0.0022063436007474513,0.9916338604287661,-0.35011286,-0.18081715981412616,-0.18391955695364265,open86.webp,0,open
0.2537919355325447,0.2593218421511528,0.25655688884184874,-0.0055299066186080825,0.9786755077291761,0.12246986,-0.1650189816139038,-0.1633933920442177,open87.webp,0,open
0.24834808005468884,0.25177379846672704,0.25006093926070794,-0.0034257184120382034,0.9863936659298925,-3.2643564,-0.181461162026822,-0.18190891148279825,open88.webp,0,open
0.2538460257212582,0.2585656300704256,0.2562058278958419,-0.0047196043491674056,0.9817469771683037,-1.4522345,-0.16747032707668014,-0.1744667567577305,open89.jpg,0,open
0.27778035929411443,0.2705312794060171,0.2741558193500658,0.0072490798880973095,0.9739035549290871,-0.7893329,-0.20521899973478708,-0.20416628088103891,open9.webp,0,open
0.08416883003577498,0.061075485686836684,0.07262215786130582,0.023093344348938297,0.72563068372077,21.069328,0.002832583593988819,0.0034667389716505435,closed.jpg,1,closed
0.21422225253283017,0.2447450184082493,0.22948363547053974,-0.030522765875419133,0.8752874886936194,-10.444753,-0.056707612509187905,-0.09486633347503147,closed10.webp,1,closed
0.0997504255434671,0.08641691291064649,0.0930836692270568,0.013333512632820607,0.8663312706670067,0.1235587,-0.05603850320971279,-0.039686673042478804,closed100.webp,1,closed
0.0410393527233745,0.046361065931891855,0.043700209327633174,-0.005321713208517355,0.8852115864562868,1.1086425,0.031806321432819654,0.02446239851894456,closed101.webp,1,closed
0.14633672775838555,0.13978538700276014,0.14306105738057284,0.006551340755625412,0.955231056099312,-2.2530134,-0.08883386849936865,-0.08440334948592933,closed102.webp,1,closed
0.10212321373338813,0.14267338755695383,0.12239830064517099,-0.0405501738235657,0.7157831988297154,-6.106749,-0.015665256098541372,-0.040863504037406156,closed103.webp,1,closed
0.17052187916765746,0.16490302517756178,0.1677124521726096,0.005618853990095679,0.967049073013257,2.2128513,-0.08151952023077991,-0.07853582793105945,closed104.webp,1,closed
0.09698224551681246,0.07556584681069721,0.08627404616375484,0.021416398706115253,0.779171965012889,15.38158,-0.01196748299469036,-0.0011332454075993642,closed105.webp,1,closed
0.09534561548663328,0.09330936556365901,0.09432749052514615,0.0020362499229742703,0.9786434865139684,-0.8127406,-0.05486766513686641,-0.04866447202751577,closed106.webp,1,closed
0.07618848509823484,0.06690569805488994,0.07154709157656239,0.009282787043344898,0.878160236007108,-9.5605955,-0.014532964287816773,-0.009878171178255013,closed107.webp,1,closed
0.14988224888667917,0.151320538964102,0.15060139392539057,-0.0014382900774228269,0.9904950769586934,-4.985263,-0.08900270406749544,-0.0872843724945077,closed108.webp,1,closed
0.023696445727950512,0.04266530697550929,0.0331808763517299,-0.01896886124755878,0.5554031462038402,-0.6219489,0.03478325607557247,0.030495425446511685,closed109.webp,1,closed
0.09259895806911846,0.09228893428468597,0.09244394617690221,0.0003100237844324838,0.9966519732954114,0.7081105,-0.005717917249440253,-0.010728293089585573,closed11.webp,1,closed
0.0409716248286571,0.03793109595619349,0.03945136039242529,0.003040528872463609,0.9257893997326425,-0.59394157,0.01414703541175337,0.02445831933188392,closed110.webp,1,closed
0.05429867859452792,0.04956117988648534,0.05192992924050663,0.004737498708042583,0.912751123403581,-1.6705618,-0.006167208227459397,-0.0016722566275267044,closed111.webp,1,closed
0.06899894114392494,0.06844678948953309,0.06872286531672901,0.000552151654391847,0.9919976793087286,-1.1950489,-0.012086950738284483,-0.014225804988972246,closed112.webp,1,closed
0.059961475276297235,0.06515597874680157,0.06255872701154941,-0.005194503470504333,0.9202758738274756,-0.79381245,-0.023894129922083618,-0.028191924660760488,closed113.webp,1,closed
0.08533381564793624,0.0905876487498731,0.08796073219890467,-0.005253833101936861,0.942002765559756,-3.0358956,-0.0013853422700220576,-0.001789682904487644,closed114.webp,1,closed
0.02892304622727997,0.0363699136795906,0.03264647995343529,-0.007446867452310633,0.7952464908793686,-0.3901553,0.0431578203725509,0.04238434310593727,closed115.webp,1,closed
0.0696695825971739,0.07005483411508452,0.06986220835612922,-0.0003852515179106203,0.9945007147218743,-1.8797151,0.04462554249320223,0.04461786322956213,closed116.webp,1,closed
0.03133808786018695,0.033928446561610155,0.032633267210898556,-0.002590358701423205,0.9236523046606507,1.8460726,0.022839824484630577,0.017371945310812632,closed117.webp,1,closed
0.04438193474352071,0.047467206727044485,0.0459245707352826,-0.003085271983523777,0.9350020320077959,0.71517223,0.018869322657935048,0.017619029449794568,closed118.webp,1,closed
0.23482882077521391,0.2121899210774651,0.2235093709263395,0.02263889969774882,0.903594032355085,30.83417,-0.14712362741604545,-0.12835343758408557,closed119.webp,1,closed
0.13084250536145398,0.12499167639847499,0.12791709087996447,0.005850828962978991,0.9552834230220829,-3.4715874,-0.09913925436900929,-0.09612746794785217,closed12.webp,1,closed
0.07284898761962741,0.07212748473961765,0.07248823617962252,0.0007215028800097584,0.9900959106833852,9.848838,-0.023895036939525223,-0.02190117353618093,closed120.webp,1,closed
0.13151649011637895,0.19045647904016086,0.16098648457826992,-0.05893998892378191,0.6905330329489423,0.33347774,-0.07765932513774719,-0.09226293285045224,closed122.webp,1,closed
0.08508077552335336,0.07352363090219825,0.07930220321277581,0.011557144621155105,0.8641626789358209,-1.785082,-0.020877175642406078,-0.02160756351282521,closed123.webp,1,closed
0.059769295638049814,0.06473574807207563,0.06225252185506272,-0.004966452434025818,0.9232811455504266,-1.3702828,0.012449046248268907,0.005297613292664363,closed124.webp,1,closed
0.10698340655162814,0.0829912997325139,0.09498735314207102,0.023992106819114234,0.7757399246065687,-0.16342896,-0.041049038906084565,-0.019152598469318296,closed125.webp,1,closed
0.1267970918785942,0.10977214481432174,0.11828461834645797,0.01702494706427246,0.865730776534106,-32.04521,-0.047636685092156725,-0.04634936425859455,closed126.jpg,1,closed
0.08692358011553322,0.052870822746792945,0.06989720143116308,0.03405275736874028,0.6082448821887048,5.7911305,-0.024813376880046728,-0.004241293426342646,closed127.webp,1,closed
0.09935724621246417,0.08248805679249407,0.09092265150247912,0.016869189419970093,0.8302168179671843,-2.874643,-0.047204397494436376,-0.031037375473144,closed128.webp,1,closed
0.07550741346061525,0.0682241368944653,0.07186577517754028,0.0072832765661499516,0.9035422320491893,-4.3075976,-0.023577106350006607,-0.018234302565655204,closed129.jpg,1,closed
0.045750892530642885,0.04260922487819946,0.04418005870442117,0.0031416676524434264,0.9313310084532403,0.13288155,0.031874650702528484,0.034026846218979036,closed13.webp,1,closed
0.029568951510448187,0.030832298447957426,0.030200624979202804,-0.001263346937509239,0.9590252105388227,-0.81256235,0.018523156284971302,0.013832856529259837,closed130.webp,1,closed
0.12748419272725592,0.16130481155529075,0.14439450214127333,-0.03382061882803483,0.7903309981770625,-0.3720043,-0.08601725529535653,-0.0832073261695381,closed131.webp,1,closed
0.10621612572488262,0.11431352253694307,0.11026482413091285,-0.008097396812060453,0.9291650136190703,-1.013268,-0.05931483712182051,-0.0650236159182391,closed132.webp,1,closed
0.005630141208130179,0.012328870041892584,0.008979505625011382,-0.006698728833762405,0.456663196951495,-1.0391761,0.06533785454657125,0.05779078886782186,closed133.webp,1,closed
0.02456774985285756,0.03030679366879986,0.02743727176082871,-0.0057390438159423025,0.8106350715070689,-1.0588094,0.038394369832822274,0.03172182440642805,closed134.jpg,1,closed
0.07837120867056639,0.09140545976956341,0.08488833422006489,-0.013034251098997016,0.8574018321021868,0.33361202,-0.023296601078353105,-0.03316768383968861,closed135.webp,1,closed
0.05905461362122147,0.030848816956186118,0.04495171528870379,0.02820579666503535,0.5223777629644925,-4.4479055,-0.0048711168562018976,0.017035715215311418,closed136.webp,1,closed
0.01619668109626626,0.02344501312854933,0.019820847112407794,-0.007248332032283072,0.690836938647022,0.44399852,0.060193807679333106,0.0533185018979447,closed137.webp,1,closed
0.06912943547896522,0.07339093257693835,0.07126018402795178,-0.004261497097973133,0.9419342833189147,-0.6867898,0.01301071848949598,0.005810209380953479,closed138.webp,1,closed
0.07629367340259507,0.06676511764821065,0.07152939552540286,0.009528555754384424,0.8751068688998226,-3.8293617,-0.03411420383923022,-0.027811878819252903,closed139.jpg,1,closed
0.020368154422600187,0.02783583399295151,0.024101994207775847,-0.007467679570351323,0.7317242381801005,1.5080497,0.06368314057458627,0.06275414145982926,closed14.webp,1,closed
0.1132976748452117,0.0937549929673547,0.1035263339062832,0.019542681877856988,0.8275103005904015,8.488479,-0.005701965974833308,-0.02032530233611363,closed140.jpg,1,closed
0.05803581697948522,0.06410530510428859,0.061070561041886906,-0.006069488124803374,0.9053200337331,-0.94529223,0.010224794643734308,0.0018169957797762606,closed141.jpg,1,closed
0.033918860208589606,0.031290590914606675,0.032604725561598144,0.002628269293982931,0.9225130420709907,-4.638845,0.028784938228011762,0.029726849681130357,closed142.jpeg,1,closed
0.034379458996539214,0.035004281950419214,0.034691870473479214,-0.0006248229538799999,0.9821500993859833,-0.69250757,0.043235839194816626,0.04733176438939068,closed143.webp,1,closed
0.09328356253601526,0.08407954328565398,0.08868155291083463,0.009204019250361281,0.9013328929541283,-0.113477945,-0.03177299966054191,-0.023866125012119568,closed144.webp,1,closed
0.08296534997133033,0.0851037022875438,0.08403452612943707,-0.0021383523162134682,0.974873568849114,0.3374325,-0.03395727320277607,-0.03533566510427631,closed145.webp,1,closed
0.15511024417854363,0.1431894892177743,0.14914986669815897,0.01192075496076933,0.9231465656965401,1.0908357,-0.12003014095262554,-0.10651069686821993,closed146.jpg,1,closed
0.07328099189262126,0.07613083018536572,0.07470591103899349,-0.002849838292744461,0.9625665675022118,-1.559856,0.004162398696358892,0.003250420255047421,closed147.jpg,1,closed
0.11867742850483556,0.14456706803120914,0.13162224826802235,-0.025889639526373576,0.8209160642257438,-10.78201,-0.07019159680300695,-0.07733831704842543,closed149.webp,1,closed
0.12666319512893442,0.1250622458180598,0.12586272047349711,0.001600949310874622,0.9873605800860703,-0.35413516,-0.03972726213821648,-0.033923003459492014,closed15.webp,1,closed
0.1523314429090773,0.13793516708066195,0.14513330499486962,0.01439627582841535,0.9054937342318217,5.3321304,-0.09900514288775733,-0.08373693502232218,closed150.webp,1,closed
0.06631247176328103,0.05589255461607953,0.06110251318968028,0.010419917147201502,0.8428664040092186,5.366466,-0.014024698806817153,0.014092613166628172,closed151.jpg,1,closed
0.16383446019943673,0.17621654396246678,0.17002550208095174,-0.012382083763030044,0.9297337044263712,-1.05405,-0.08015902023368354,-0.09269698423215197,closed152.jpg,1,closed
0.0723645059241254,0.09021936683424193,0.08129193637918367,-0.017854860910116538,0.8020950319578181,-0.4129423,-0.020169452512390863,-0.039653319597970416,closed153.jpg,1,closed
0.07611779168317419,0.08310857854259707,0.07961318511288562,-0.006990786859422879,0.9158836911662522,0.6246837,-0.041403428276255615,-0.04559070083700971,closed154.jpg,1,closed
0.0513459661674171,0.049313219098403104,0.050329592632910106,0.0020327470690139973,0.9604107738008847,3.1154907,-0.020768943811768657,-0.012476889360335155,closed155.jpg,1,closed
0.11076281217334731,0.11038973634271956,0.11057627425803343,0.00037307583062774763,0.9966317591319018,1.5521029,-0.017106442349389673,-0.021856322836033806,closed156.jpg,1,closed
0.08382565025159873,0.08747010282833904,0.08564787653996889,-0.0036444525767403146,0.9583348771877793,-4.0601764,-0.023713514483965994,-0.03148369472663989,closed157.webp,1,closed
0.07474504487901494,0.05879106606134156,0.06676805547017825,0.01595397881767338,0.7865546961206984,-0.06375662,-0.022107446203043266,-0.007787134110547945,closed158.jpeg,1,closed
0.1391029389429545,0.11993494357744183,0.12951894126019817,0.01916799536551267,0.8622028009532323,-1.3822159,-0.09611697615652191,-0.091272659957056,closed159.jpg,1,closed
0.02238931630191097,0.02839325251895479,0.025391284410432882,-0.006003936217043818,0.7885435557960221,-0.9125049,0.044196156490492286,0.037102757322317235,closed16.jpg,1,closed
0.039624176032140725,0.04705916414978262,0.04334167009096167,-0.007434988117641893,0.8420076460776612,12.950525,0.0003002513854841106,-0.016351041362303562,closed160.webp,1,closed
0.11473382923444525,0.08719995676610462,0.10096689300027493,0.02753387246834063,0.7600195805190259,-3.062937,-0.04563112288839908,-0.02455800220099831,closed17.webp,1,closed
0.022390244233882414,0.025410751443121448,0.02390049783850193,-0.0030205072092390345,0.8811327080979863,-0.8855984,0.059629466397245846,0.05581519914834943,closed18.webp,1,closed
0.06645641586861893,0.07388302753921862,0.07016972170391877,-0.0074266116705996865,0.8994814923270775,-14.801044,-0.011030357937979747,-0.02485571951471466,closed19.webp,1,closed
0.10124678453651556,0.07094560312095681,0.08609619382873618,0.03030118141555875,0.7007195679915112,0.45156288,-0.04379732437202742,-0.017913785928915925,closed2.jpg,1,closed
0.07691735009749529,0.08070451967019086,0.07881093488384308,-0.0037871695726955784,0.9530736371621773,-0.5950482,-0.016246791424255252,-0.019365209138257202,closed21.webp,1,closed
0.0993755544185593,0.08122935475294171,0.09030245458575051,0.01814619966561759,0.8173977516725318,0.3230375,-0.03843633378468946,-0.02426733311918221,closed22.webp,1,closed
0.08888904699704392,0.08572842793523562,0.08730873746613976,0.003160619061808298,0.9644430988003122,0.57216483,-0.00871182631681872,-0.004965233818889064,closed24.webp,1,closed
0.15360684230939467,0.1412172558762301,0.14741204909281239,0.012389586433164568,0.9193422229967498,20.198645,-0.08787742414225673,-0.07333766347260375,closed25.webp,1,closed
0.08241354957721053,0.08390000252734502,0.08315677605227778,-0.0014864529501344842,0.9822830404605767,-0.18147375,-0.009443103341898615,-0.011025124723249586,closed27.webp,1,closed
0.04565746740381651,0.04597540310654289,0.0458164352551797,-0.0003179357027263824,0.9930846565501644,-1.8477291,0.03187059696781228,0.028662365391705046,closed29.webp,1,closed
0.17103117476477234,0.16527800346262583,0.16815458911369907,0.005753171302146504,0.9663618559010712,-8.262061,-0.09770500209532644,-0.09072372722047839,closed3.webp,1,closed
0.06477971943570751,0.06801331530105115,0.06639651736837933,-0.003233595865343636,0.9524564292884329,-0.500708,-0.004524500078629424,-0.007978680848281147,closed32.webp,1,closed
0.16754530122820158,0.17934479805649348,0.17344504964234753,-0.0117994968282919,0.9342077553619644,-9.006876,-0.06391163786522422,-0.07101096513300739,closed33.webp,1,closed
0.13504218864709458,0.11584489405651209,0.12544354135180333,0.01919729459058249,0.8578422433544028,-1.8267838,-0.03409179429807945,-0.017757744726686172,closed34.webp,1,closed
0.1315363198218192,0.12033912945340083,0.12593772463761002,0.011197190368418375,0.9148737749118553,-19.20937,-0.044115708274088804,-0.040600942853335036,closed35.webp,1,closed
0.06472776845520604,0.055663646325122086,0.06019570739016407,0.009064122130083958,0.8599654777785726,-1.1994712,-0.017464400591173223,-0.010204473516455112,closed36.webp,1,closed
0.2016214920065062,0.20619306414920674,0.20390727807785647,-0.004571572142700542,0.9778286812819639,0.22568582,-0.14528690724620028,-0.15130789351691898,closed37.webp,1,closed
0.07942697775071407,0.08933419936408231,0.08438058855739819,-0.009907221613368239,0.8890993406344723,1.5343184,0.018302864491982672,0.009616288312426674,closed39.webp,1,closed
0.10762567751604608,0.1120329832662236,0.10982933039113485,-0.004407305750177518,0.9606606409854814,11.510356,-0.025658020438950928,-0.03433356532386284,closed4.webp,1,closed
0.14218522779664602,0.15170586407700376,0.1469455459368249,-0.009520636280357736,0.9372427932283145,-1.4176046,-0.06906650951551961,-0.07674821750412814,closed40.webp,1,closed
0.11316350744840221,0.09966855153961685,0.10641602949400952,0.01349495590878537,0.8807481650837087,1.0199782,-0.05124346497011514,-0.041717674602585325,closed42.webp,1,closed
0.1138860667558453,0.10644484009658546,0.11016545342621538,0.007441226659259836,0.9346607809784782,0.8334827,-0.047682600532624624,-0.03871332376831311,closed43.webp,1,closed
0.032792600228136085,0.03136596933043734,0.03207928477928671,0.0014266308976987468,0.9564953407850013,-3.6976306,0.06585374715461904,0.059342612372035024,closed44.webp,1,closed
0.08736839346223585,0.0883900261282188,0.08787920979522731,-0.0010216326659829439,0.9884417653129669,0.26079282,-0.01276037910772324,-0.015583830960789453,closed46.webp,1,closed
0.13495277168366043,0.11575430065931318,0.1253535361714868,0.019198471024347255,0.8577393351405191,0.6029392,-0.08199937356245622,-0.07274284396120963,closed47.webp,1,closed
0.13988899626524107,0.17274129868138607,0.15631514747331357,-0.03285230241614501,0.8098179030323277,1.4599999,-0.05208700524145673,-0.07337452131996021,closed48.webp,1,closed
0.04650093356134033,0.04942342356005101,0.047962178560695665,-0.002922489998710677,0.9408683213707412,-0.9611452,-0.0001782776914340187,-0.0005932781598817861,closed49.webp,1,closed
0.1663778439924454,0.12961231819507812,0.14799508109376175,0.03676552579736728,0.7790239077804334,-5.2499413,-0.06215510414741601,-0.053183676819777315,closed5.jpg,1,closed
0.031598136441273676,0.03554936646672,0.03357375145399684,-0.003951230025446326,0.8888523082641903,9.104488,0.04150993892768857,0.039294648577413216,closed50.webp,1,closed
0.030998502454265473,0.029287760834347185,0.030143131644306327,0.0017107416199182886,0.9448121204421962,-3.8848279,0.07161471463364762,0.06581375623809657,closed51.webp,1,closed
0.07978471320675266,0.06499141259741255,0.0723880629020826,0.014793300609340115,0.8145847742661552,1.31613,-0.0024850536501265967,0.008319206378106993,closed52.webp,1,closed
0.04441959074502403,0.04483593076936661,0.04462776075719532,-0.0004163400243425777,0.9907141433845947,2.368061,0.023407738940393098,0.018224181666496694,closed54.webp,1,closed
0.10091363780261312,0.08728543145784291,0.09409953463022802,0.013628206344770202,0.8649517880682595,1.0431035,-0.03996215355557217,-0.03005420045692158,closed55.webp,1,closed
0.07923717918199782,0.07941589871894236,0.0793265389504701,-0.00017871953694453824,0.9977495748354238,5.791673,-0.023461196760042262,-0.021622126403619265,closed56.webp,1,closed
0.06882849817029878,0.06070895898620252,0.06476872857825065,0.008119539184096254,0.8820323063855541,-1.1161175,-0.0228661293939752,-0.015470946673842042,closed57.webp,1,closed
0.08398768876028152,0.07717337763888897,0.08058053319958525,0.006814311121392552,0.9188653572687061,-1.2291094,-0.056686506172811534,-0.06101464287371107,closed59.webp,1,closed
0.1429416140876468,0.11676724644951711,0.12985443026858196,0.026174367638129692,0.816887700581858,-8.611335,-0.038994713405674605,-0.01951253438225277,closed6.webp,1,closed
0.03537938656401742,0.042596140083665406,0.038987763323841414,-0.007216753519647984,0.8305772892690942,-0.85260814,0.040465843415250356,0.030921906113641703,closed60.webp,1,closed
0.11528878809764774,0.1284304626053992,0.12185962535152348,-0.013141674507751458,0.8976747864863722,2.0941892,-0.017341201591423567,-0.027509951484745346,closed61.webp,1,closed
0.17485304388589495,0.1750198914501573,0.17493646766802612,-0.0001668475642623568,0.9990466937050417,-0.8005681,-0.11090066014598582,-0.10819253412667675,closed62.webp,1,closed
0.09683402817421612,0.08716842910361774,0.09200122863891694,0.009665599070598371,0.9001838583725053,0.25731906,-0.029470139813717804,-0.018224955694655893,closed63.webp,1,closed
0.145433353901801,0.13811790763274537,0.14177563076727318,0.007315446269055642,0.9496989784475771,3.3242888,-0.051268837332728,-0.04798350819510485,closed64.webp,1,closed
0.10020611772793883,0.10124088181760803,0.10072349977277342,-0.0010347640896691962,0.989779187309595,0.34268078,-0.02358137928775994,-0.026006138972848213,closed65.webp,1,closed
0.08357809265605468,0.08772256770604427,0.08565033018104948,-0.0041444750499895905,0.9527547453481116,-0.5986248,-0.017632840097814614,-0.020989940742919728,closed67.webp,1,closed
0.038191058749970794,0.05232222503782935,0.04525664189390007,-0.014131166287858557,0.7299203870316749,-4.752074,0.040653461337989645,0.02903684262894742,closed68.webp,1,closed
0.1255717663195756,0.11057869020517973,0.11807522826237765,0.014993076114395862,0.8806015352508538,-0.30184832,-0.03733341945846155,-0.024318235114199605,closed69.webp,1,closed
0.08569595569617416,0.06420185703402843,0.07494890636510129,0.02149409866214573,0.7491818780999333,-10.475754,0.019945937816970735,0.028721381284691885,closed7.webp,1,closed
0.03543852053744452,0.03800377143639928,0.0367211459869219,-0.002565250898954763,0.9325000966483602,-0.2111819,0.0294817795545484,0.03015657953692526,closed73.webp,1,closed
0.020235025035473125,0.012754860482985124,0.016494942759229123,0.007480164552488001,0.6303357895839092,-4.5636706,0.05353189170033342,0.054689858294054844,closed74.webp,1,closed
0.16023509832181282,0.14685530790581006,0.15354520311381142,0.013379790416002763,0.9164990033011926,20.398693,-0.09275115579557078,-0.07775089147840866,closed75.webp,1,closed
0.06645641586861893,0.07388302753921862,0.07016972170391877,-0.0074266116705996865,0.8994814923270775,-14.801044,-0.011030357937979747,-0.02485571951471466,closed76.webp,1,closed
0.07691735009749529,0.08070451967019086,0.07881093488384308,-0.0037871695726955784,0.9530736371621773,-0.5950482,-0.016246791424255252,-0.019365209138257202,closed78.webp,1,closed
0.11473382923444525,0.08719995676610462,0.10096689300027493,0.02753387246834063,0.7600195805190259,-3.062937,-0.04563112288839908,-0.02455800220099831,closed79.webp,1,closed
0.020235025035473125,0.012754860482985124,0.016494942759229123,0.007480164552488001,0.6303357895839092,-4.5636706,0.05353189170033342,0.054689858294054844,closed8.webp,1,closed
0.08241354957721053,0.08390000252734502,0.08315677605227778,-0.0014864529501344842,0.9822830404605767,-0.18147375,-0.009443103341898615,-0.011025124723249586,closed80.webp,1,closed
0.08560903588348852,0.07102576212305903,0.07831739900327378,0.014583273760429491,0.8296526340948762,1.0080303,-0.008933145873153796,0.0022749021394552526,closed81.webp,1,closed
0.11316350744840221,0.09966855153961685,0.10641602949400952,0.01349495590878537,0.8807481650837087,1.0199782,-0.05124346497011514,-0.041717674602585325,closed82.webp,1,closed
0.03427858096986158,0.027405927258309908,0.030842254114085747,0.006872653711551675,0.7995058862677469,3.184608,0.025248776820070738,0.026426423006730673,closed83.webp,1,closed
0.13495277168366043,0.11575430065931318,0.1253535361714868,0.019198471024347255,0.8577393351405191,0.6029392,-0.08199937356245622,-0.07274284396120963,closed84.webp,1,closed
0.036902163710376155,0.03592957940612328,0.03641587155824971,0.0009725843042528784,0.973644247207667,2.456188,0.030621934284438934,0.027863788372664726,closed85.webp,1,closed
0.09459012451231771,0.09141590917314163,0.09300301684272967,0.003174215339176084,0.9664424235030716,-0.68657774,-0.03161832907786479,-0.0275817352187765,closed86.webp,1,closed
0.06472776845520604,0.055663646325122086,0.06019570739016407,0.009064122130083958,0.8599654777785726,-1.1994712,-0.017464400591173223,-0.010204473516455112,closed87.webp,1,closed
0.13349676368656083,0.11760213832989153,0.12554945100822618,0.0158946253566693,0.8809362495559178,-0.009696988,-0.0669053329641153,-0.05356142220707914,closed88.webp,1,closed
0.14218522779664602,0.15170586407700376,0.1469455459368249,-0.009520636280357736,0.9372427932283145,-1.4176046,-0.06906650951551961,-0.07674821750412814,closed89.webp,1,closed
0.15756868510174155,0.215402468047592,0.18648557657466677,-0.057833782945850454,0.731508262323752,-15.591141,-0.08220705581437147,-0.09129500875579173,closed9.webp,1,closed
0.07942697775071407,0.08933419936408231,0.08438058855739819,-0.009907221613368239,0.8890993406344723,1.5343184,0.018302864491982672,0.009616288312426674,closed90.webp,1,closed
0.040438903932705245,0.05463027908790469,0.047534591510304966,-0.014191375155199443,0.7402287633866133,-5.087043,0.03510385099336904,0.024848102751845774,closed91.webp,1,closed
0.1050439102315023,0.09618284218551057,0.10061337620850644,0.008861068045991724,0.9156441527503769,-0.8493967,-0.03574092634437609,-0.025889900098103987,closed92.webp,1,closed
0.09888934219066756,0.08045060139335009,0.08966997179200882,0.01843874079731747,0.8135416781136443,0.1432181,-0.034096921510492796,-0.021183995339334714,closed93.webp,1,closed
0.015500637998903586,0.00987192538021626,0.012686281689559924,0.005628712618687326,0.6368721971904986,-0.76673514,0.09104168609701582,0.08580915094562226,closed94.webp,1,closed
0.09091581424967153,0.0899926639637794,0.09045423910672547,0.000923150285892127,0.9898460978047561,1.2170017,-0.005429869809929147,-0.008367884309948968,closed95.webp,1,closed
0.10891984627713844,0.10755650646277336,0.10823817636995589,0.0013633398143650804,0.9874830909061681,-2.7261653,-0.06143587652632449,-0.05891786845717618,closed96.webp,1,closed
0.09991969151652792,0.08808970402402823,0.09400469777027808,0.011829987492499694,0.8816050438812366,-2.9853451,-0.0408904322677338,-0.030634000886059047,closed97.webp,1,closed
0.17064219668147157,0.19080195283298765,0.18072207475722962,-0.02015975615151608,0.8943419820804336,23.837202,-0.07241175905197265,-0.0831956050935901,closed98.webp,1,closed
0.13851935397608592,0.1787320532127703,0.15862570359442812,-0.040212699236684385,0.7750112611932374,1.5637171,-0.04447683073159087,-0.0784771517672906,closed99.webp,1,closed
0.1750450839491437,0.20020605314460252,0.18762556854687312,-0.02516096919545882,0.8743246330455061,-4.4274344,-0.11086138040178492,-0.13276994197490563,IMG_20260803_152852.jpg,2,left_closed
0.2355176553457433,0.25726631059785343,0.24639198297179837,-0.021748655252110144,0.9154624824308745,-6.4949493,-0.1675028666109426,-0.18363567520023513,right_win5.webp,2,left_closed
0.1084486959701493,0.1718508131081992,0.14014975453917425,-0.06340211713804988,0.6310630366460285,-3.6303103,-0.04254165410881576,-0.083359143171063,right_wink.webp,2,left_closed
0.2120255791000993,0.22381824093080505,0.2179219100154522,-0.011792661830705736,0.9473114354680702,-1.5045367,-0.15647930010014294,-0.16385972233257654,right_wink10.webp,2,left_closed
0.10368441058501832,0.16229299174770087,0.13298870116635958,-0.058608581162682555,0.6388717680810586,4.2740707,-0.05228580814613445,-0.10590430487049017,right_wink100.webp,2,left_closed
0.14112638080167156,0.1693772408182107,0.15525181080994113,-0.028250860016539148,0.8332074611673463,3.1404426,-0.10018204560934516,-0.12090647118838843,right_wink101.webp,2,left_closed
0.16555857816780303,0.22644468689092218,0.1960016325293626,-0.06088610872311914,0.7311214956770091,-0.79929006,-0.10156469315573922,-0.14662692852098697,right_wink102.webp,2,left_closed
0.16569075454251464,0.19914352781295364,0.18241714117773414,-0.033452773270438996,0.8320167688208293,-6.3200192,-0.10501046648933991,-0.12617524271344885,right_wink103.jpg,2,left_closed
0.18172054272524735,0.28196261722332144,0.2318415799742844,-0.1002420744980741,0.6444845225043436,0.827779,-0.13307106807068284,-0.19487377657206492,right_wink103.webp,2,left_closed
0.1237483723111476,0.1662959918383568,0.1450221820747522,-0.0425476195272092,0.7441452493421106,-2.036683,-0.09619460215476887,-0.13210597040513355,right_wink104.webp,2,left_closed
0.1649635737838725,0.19048187153866575,0.17772272266126912,-0.02551829775479325,0.866032932432558,-5.9025292,-0.12664211583250665,-0.15216761671126355,right_wink105.webp,2,left_closed
0.21759992223239377,0.26613464173963775,0.24186728198601576,-0.04853471950724397,0.8176309585629743,-0.82507205,-0.15198214916668756,-0.18560163053663498,right_wink106.webp,2,left_closed
0.13078016973906068,0.16324341159387934,0.14701179066647002,-0.032463241854818664,0.8011359751805393,-2.7635791,-0.11990436768856935,-0.1446798143627138,right_wink107.webp,2,left_closed
0.17485653301485007,0.23455429602681377,0.2047054145208319,-0.059697763011963695,0.7454842481114089,-1.2504412,-0.13654078965968444,-0.18047751801462672,right_wink108.webp,2,left_closed
0.10562047905842728,0.15427980130314173,0.1299501401807845,-0.04865932224471445,0.684603416431004,0.7311598,-0.07070031889924226,-0.11004482291465066,right_wink109.webp,2,left_closed
0.19521894185378522,0.2615984071817328,0.22840867451775898,-0.06637946532794756,0.7462543214881516,-9.396158,-0.15140139187994217,-0.1986177616509179,right_wink11.webp,2,left_closed
0.18004834085817617,0.23932892974302292,0.20968863530059956,-0.05928058888484675,0.7523049597535129,-7.5986395,-0.13818319453628788,-0.18972240751509103,right_wink110.webp,2,left_closed
0.15662226074529728,0.17456196748099506,0.16559211411314617,-0.01793970673569778,0.8972301527384485,-4.8983736,-0.1284983076340377,-0.14610148723473865,right_wink111.webp,2,left_closed
0.12423541237269754,0.14912123847329803,0.1366783254229978,-0.024885826100600486,0.8331168225573945,-11.449159,-0.1014723394821128,-0.12037310687806839,right_wink112.webp,2,left_closed
0.24167139434104898,0.25361561983097664,0.2476435070860128,-0.011944225489927657,0.9529042197878508,-5.5849147,-0.15753548475501503,-0.1679375521113424,right_wink113.webp,2,left_closed
0.17660199107904745,0.19585633804948646,0.18622916456426697,-0.019254346970439012,0.9016914787532989,1.6263063,-0.15043645064024783,-0.1676911468416828,right_wink114.webp,2,left_closed
0.17813289648576539,0.2437257666247271,0.21092933155524624,-0.06559287013896173,0.7308742893813222,2.8098502,-0.12475360426925226,-0.17774093705871535,right_wink115.webp,2,left_closed
0.13537181609289725,0.16094435574990426,0.14815808592140076,-0.02557253965700701,0.8411094347617579,5.271215,-0.10512473610781689,-0.12294970930567187,right_wink116.webp,2,left_closed
0.19536459978229775,0.23052257668535048,0.21294358823382412,-0.03515797690305272,0.8474857542866994,-4.4935083,-0.15281082048968161,-0.17795895572979092,right_wink117.webp,2,left_closed
0.1771514257693785,0.2383713268412677,0.2077613763053231,-0.06121990107188918,0.7431742236655178,12.333792,-0.12123272350270702,-0.16620882473703216,right_wink118.jpg,2,left_closed
0.23125862995656463,0.23486667108767187,0.23306265052211825,-0.0036080411311072424,0.984637917698589,-0.89528537,-0.153510401230972,-0.16096615227232622,right_wink119.jpg,2,left_closed
0.1756206782853098,0.18317725750677558,0.1793989678960427,-0.00755657922146577,0.9587471756902668,-1.9595157,-0.13976841609301632,-0.15042394197887762,right_wink120.webp,2,left_closed
0.16938390557887592,0.187398020064158,0.17839096282151695,-0.01801411448528209,0.9038724396388247,-1.8343718,-0.1368922688594415,-0.1489131732466132,right_wink121.webp,2,left_closed
0.20802715452937065,0.26349487127825266,0.23576101290381166,-0.05546771674888201,0.789492233834382,8.3341,-0.1580864914472888,-0.18813111518853232,right_wink122.webp,2,left_closed
0.1235848463912692,0.13425294777233698,0.1289188970818031,-0.010668101381067788,0.9205373024720581,-2.208648,-0.10207214330175127,-0.11753184377709612,right_wink123.webp,2,left_closed
0.15966618392814183,0.22544644561269034,0.19255631477041607,-0.06578026168454851,0.7082222276524295,-1.8500234,-0.10745463806123316,-0.16436623322512722,right_wink124.webp,2,left_closed
0.15970999284798865,0.1744996851246525,0.16710483898632056,-0.014789692276663852,0.915245163530817,-4.6281652,-0.13022419359905985,-0.14437045664480988,right_wink125.webp,2,left_closed
0.21018852485380587,0.2504847438511752,0.23033663435249052,-0.04029621899736932,0.8391270526986219,-1.8686928,-0.13724644987106,-0.16549961250239917,right_wink127.webp,2,left_closed
0.15206861593232981,0.1934479311650904,0.1727582735487101,-0.04137931523276059,0.7860958502707012,1.1265593,-0.12160259522192082,-0.1524067016129217,right_wink128.webp,2,left_closed
0.1642442598403567,0.1855849700081089,0.1749146149242328,-0.021340710167752186,0.8850084133062083,-0.62898135,-0.12789064661317626,-0.1461418464522561,right_wink129.webp,2,left_closed
0.19435976879077685,0.2188430714972521,0.20660142014401447,-0.024483302706475252,0.8881239303626632,23.064451,-0.1373901379653383,-0.1515527449993735,right_wink13.webp,2,left_closed
0.16476691930828458,0.18786826771466322,0.1763175935114739,-0.023101348406378647,0.877034324703173,-4.660823,-0.13402933246054854,-0.15676921990431614,right_wink130.webp,2,left_closed
0.13270582320692845,0.18055916801810606,0.15663249561251724,-0.04785334481117762,0.7349713928324094,2.7925074,-0.0955078313723022,-0.1336670060709435,right_wink131.webp,2,left_closed
0.23904794232101123,0.2625805549795544,0.2508142486502828,-0.023532612658543173,0.9103794541816872,-3.478612,-0.16477945393306065,-0.182319985033705,right_wink132.webp,2,left_closed
0.20685216983664764,0.2640575718316137,0.2354548708341307,-0.05720540199496607,0.7833601150000529,7.7052155,-0.14500746355897504,-0.17341901853908773,right_wink133.webp,2,left_closed
0.21027902501355403,0.22606628603636897,0.2181726555249615,-0.01578726102281494,0.9301653453081672,-7.691081,-0.16157445075409635,-0.1717993229102832,right_wink134.webp,2,left_closed
0.1620227830320548,0.23139454588172076,0.19670866445688778,-0.06937176284966595,0.7002013915871383,-3.3647523,-0.08524153852299902,-0.14973464652002105,right_wink135.webp,2,left_closed
0.18340884250690062,0.23232882147707962,0.20786883199199013,-0.048919978970178996,0.7894364605339971,0.4162881,-0.13231369419261818,-0.17103116188762774,right_wink138.webp,2,left_closed
0.1523088078931957,0.19537904530969924,0.17384392660144748,-0.04307023741650354,0.7795554925133755,1.3837649,-0.13516934371774414,-0.16511080881099505,right_wink139.webp,2,left_closed
0.1523088078931957,0.19537904530969924,0.17384392660144748,-0.04307023741650354,0.7795554925133755,1.3837649,-0.13516934371774414,-0.16511080881099505,right_wink141.webp,2,left_closed
0.11758546955099934,0.16325503767633343,0.1404202536136664,-0.045669568125334084,0.7202563009670931,-14.819742,-0.07907613015371288,-0.12687065099179268,right_wink142.webp,2,left_closed
0.23910308776798658,0.2687757431038126,0.2539394154358996,-0.029672655335825998,0.8896006946416843,-6.8926606,-0.1648578292055367,-0.1844701206138843,right_wink144.webp,2,left_closed
0.23829506324417238,0.26378887319970734,0.25104196822193986,-0.025493809955534963,0.9033552490432972,-3.5889275,-0.16479197950251984,-0.18376603677491382,right_wink145.webp,2,left_closed
0.2023659452567478,0.29177374756108,0.24706984640891388,-0.08940780230433218,0.693571464013857,6.803789,-0.14123277243862742,-0.20057054040012898,right_wink146.webp,2,left_closed
0.19277180060432378,0.2585935339994306,0.2256826673018772,-0.0658217333951068,0.7454625706331399,6.546732,-0.15117928671871703,-0.19413663473619924,right_wink147.webp,2,left_closed
0.1604172094832856,0.19585426780830764,0.17813573864579663,-0.03543705832502203,0.8190641504952751,8.179858,-0.11532398403627771,-0.14473328756867476,right_wink148.webp,2,left_closed
0.16330325674883794,0.2066006969716398,0.18495197686023887,-0.04329744022280185,0.7904293603194121,10.472831,-0.13079743258966636,-0.168834816874281,right_wink149.webp,2,left_closed
0.21751100344273358,0.2936051625856662,0.2555580830141999,-0.07609415914293263,0.7408282658492752,-15.025105,-0.1399989602947124,-0.19374187237327528,right_wink150.webp,2,left_closed
0.15648565043609255,0.1963737186677023,0.17642968455189745,-0.03988806823160976,0.7968767485678308,0.215585,-0.1046126975221772,-0.1382529241697032,right_wink151.webp,2,left_closed
0.15875885788391,0.20785054630527358,0.1833047020945918,-0.04909168842136358,0.763812560062932,0.2563703,-0.13923559307987735,-0.170880721941822,right_wink152.webp,2,left_closed
0.14594771730855427,0.20609796529567068,0.1760228413021125,-0.060150247987116406,0.7081472982965935,5.5410366,-0.10938506527365156,-0.15597245279676275,right_wink153.webp,2,left_closed
0.16137994319434756,0.2137082566652312,0.18754409992978938,-0.052328313470883625,0.7551413581888197,12.465798,-0.11533155051086484,-0.1589986844950966,right_wink154.webp,2,left_closed
0.15295139204008276,0.17320904456579347,0.16308021830293812,-0.020257652525710712,0.8830450651321742,-4.374403,-0.12307953150296133,-0.14218915932372136,right_wink155.webp,2,left_closed
0.16088974380517795,0.1851056108792985,0.17299767734223823,-0.024215867074120545,0.8691781034670476,-4.417547,-0.13460461244842967,-0.15777466987863265,right_wink156.webp,2,left_closed
0.13237998801528766,0.16086521269991058,0.1466226003575991,-0.028485224684622917,0.8229248934152017,-25.943768,-0.09106113326254643,-0.1122664469402403,right_wink157.webp,2,left_closed
0.16920323431564718,0.280063290655409,0.22463326248552812,-0.11086005633976184,0.6041607021029954,-1.3012446,-0.09592549741300928,-0.17536253200130833,right_wink158.webp,2,left_closed
0.1678585259851329,0.24045678945725346,0.20415765772119318,-0.07259826347212056,0.6980818731049949,3.7887344,-0.12292848715300289,-0.17918178740040933,right_wink159.webp,2,left_closed
0.22680121333267944,0.29678454589860453,0.261792879615642,-0.0699833325659251,0.7641948223616918,7.2968574,-0.16161183726550304,-0.1998271179091814,right_wink160.webp,2,left_closed
0.1885231295216147,0.23432344923363538,0.21142328937762506,-0.04580031971202067,0.8045423116559075,-5.3209004,-0.15080852598167724,-0.18256309234968476,right_wink161.webp,2,left_closed
0.15310136636611807,0.1878233294114999,0.17046234788880898,-0.03472196304538183,0.8151349826766733,3.0664475,-0.11129574254129314,-0.13597445115975454,right_wink19.webp,2,left_closed
0.1365742801524877,0.17984269660502,0.15820848837875384,-0.04326841645253229,0.7594096548298502,10.30995,-0.10832627192314533,-0.14272821696262658,right_wink21.webp,2,left_closed
0.2084019335983222,0.23575274774023733,0.22207734066927975,-0.02735081414191512,0.8839851734324156,-22.87658,-0.1284838215194466,-0.14497271654567595,right_wink22.webp,2,left_closed
0.18005732038513944,0.2180047130535424,0.19903101671934093,-0.03794739266840297,0.8259331546695369,-3.9960203,-0.13684972254927444,-0.17022695622691256,right_wink23.webp,2,left_closed
0.1664612596344534,0.20699667417088619,0.1867289669026698,-0.04053541453643278,0.804173595064775,-3.1961033,-0.11221428930764323,-0.14924345871636505,right_wink24.webp,2,left_closed
0.17552469492560974,0.24309817592989297,0.20931143542775135,-0.06757348100428323,0.7220321347710534,3.94339,-0.12965887197455336,-0.1824660361726102,right_wink26.jpg,2,left_closed
0.19273903494757103,0.2619685724233897,0.22735380368548036,-0.0692295374758187,0.7357334246799233,-8.745063,-0.14398277336353493,-0.18575574545651546,right_wink27.webp,2,left_closed
0.1939286868697411,0.2115648767330708,0.20274678180140596,-0.01763618986332971,0.9166393300454068,-9.359329,-0.15275377729427211,-0.16267716825993264,right_wink28.webp,2,left_closed
0.21559204794993525,0.24650008314804664,0.23104606554899093,-0.03090803519811139,0.8746124755684233,2.0660625,-0.16059703882433102,-0.18048685531494307,right_wink29.webp,2,left_closed
0.166065980074531,0.21366354197426818,0.1898647610243996,-0.047597561899737184,0.7772312418865104,-2.9199395,-0.11403975859595622,-0.15328793224971388,right_wink30.webp,2,left_closed
0.15529299537068583,0.2124848481436337,0.18388892175715976,-0.05719185277294786,0.7308426776186516,-5.4041615,-0.10766743728759204,-0.15050142580868547,right_wink31.jpg,2,left_closed
0.20316303408249373,0.2366650147394507,0.21991402441097221,-0.033501980656956976,0.8584413471765567,-14.329215,-0.1393998379076708,-0.16846283015272678,right_wink32.jpg,2,left_closed
0.1771514257693785,0.2383713268412677,0.2077613763053231,-0.06121990107188918,0.7431742236655178,12.333792,-0.12123272350270702,-0.16620882473703216,right_wink33.jpg,2,left_closed
0.15644940995588485,0.18524984879852707,0.17084962937720596,-0.028800438842642218,0.8445319171409158,3.1234653,-0.10958037379832844,-0.13040672360848102,right_wink35.jpeg,2,left_closed
0.13457851181155783,0.21211068866812738,0.1733446002398426,-0.07753217685656955,0.6344730322483751,-2.2729945,-0.08418388425998954,-0.14964109947682813,right_wink36.jpeg,2,left_closed
0.14841465501968357,0.15893438612352231,0.15367452057160294,-0.010519731103838748,0.9338108551558949,1.0441177,-0.1312955450322988,-0.14118865036834777,right_wink37.webp,2,left_closed
0.22615573828518337,0.240055653840645,0.2331056960629142,-0.013899915555461634,0.9420971123442535,3.8404708,-0.17482380712213516,-0.18779767862250393,right_wink39.webp,2,left_closed
0.19801231614848286,0.2165391215886896,0.20727571886858623,-0.01852680544020674,0.9144413013949603,-1.9684851,-0.14465938205987613,-0.15945598208738138,right_wink40.jpg,2,left_closed
0.12105626233871414,0.13688816676030233,0.12897221454950825,-0.01583190442158819,0.88434424394542,4.927323,-0.10448459810886193,-0.1210296803020763,right_wink41.jpg,2,left_closed
0.16417707532764883,0.21875949588130078,0.19146828560447482,-0.05458242055365195,0.7504911942964595,-5.2753296,-0.13425275877630166,-0.17233010096761917,right_wink42.jpeg,2,left_closed
0.2053762004157558,0.23606952953721497,0.22072286497648538,-0.030693329121459167,0.8699818261948942,-6.8097134,-0.15354962571427866,-0.17223578312748863,right_wink43.jpeg,2,left_closed
0.16670507392018688,0.19621024613662544,0.18145766002840616,-0.029505172216438558,0.8496247122798395,-4.423726,-0.1290359400937137,-0.15723821662874432,right_wink43.webp,2,left_closed
0.14886575923241677,0.178334545679347,0.1636001524558819,-0.02946878644693024,0.8347555918867433,20.535921,-0.10409320069668118,-0.11237143720847965,right_wink44.jpg,2,left_closed
0.16575510519269182,0.17749149457700755,0.1716232998848497,-0.011736389384315732,0.9338763279204699,-1.02758,-0.13218842624780444,-0.14424890595917275,right_wink46.webp,2,left_closed
0.15641990958479626,0.19554232778811034,0.1759811186864533,-0.03912241820331408,0.7999286464171219,6.842583,-0.11347870482927663,-0.1479011123132604,right_wink49.webp,2,left_closed
0.17715600995069067,0.2622587680234082,0.21970738898704945,-0.08510275807271753,0.6755008089372189,-6.61969,-0.11200280696693363,-0.1808089351175877,right_wink50.webp,2,left_closed
0.19145667383956794,0.2290322424785074,0.21024445815903767,-0.03757556863893946,0.8359376468906312,-7.538843,-0.13385322555136758,-0.15806580825568178,right_wink51.webp,2,left_closed
0.1328387986670745,0.18464397923915724,0.15874138895311585,-0.05180518057208275,0.7194320617138407,-0.84568375,-0.1062869028575161,-0.15468411199150287,right_wink52.webp,2,left_closed
0.1764393631337524,0.1968969638052536,0.186668163469503,-0.02045760067150118,0.8960999688561204,-3.0247004,-0.14602043261768174,-0.16152777202368832,right_wink53.webp,2,left_closed
0.19719483577569996,0.28725841697307847,0.24222662637438921,-0.0900635811973785,0.6864719156138107,0.118480936,-0.12995204849315461,-0.20164292251027752,right_wink54.webp,2,left_closed
0.18627778765109074,0.20276002598278767,0.1945189068169392,-0.01648223833169693,0.9187106124503254,-2.155181,-0.14529263439573306,-0.15612059495785613,right_wink55.webp,2,left_closed
0.20259074861026966,0.2329922977318445,0.21779152317105707,-0.030401549121574833,0.8695169350337727,22.992449,-0.14860023206763934,-0.16746848854932653,right_wink56.jpg,2,left_closed
0.13627718443138678,0.17924111006328666,0.15775914724733672,-0.04296392563189988,0.7603009397970693,-7.012609,-0.12525712028318714,-0.16704706936909525,right_wink57.webp,2,left_closed
0.17033708556919894,0.19450894547540618,0.18242301552230256,-0.024171859906207238,0.875728800816189,-4.4522514,-0.140448874945855,-0.1627904140730891,right_wink58.jpg,2,left_closed
0.19518911809085562,0.2827995170278961,0.23899431755937584,-0.08761039893704045,0.6902031521913867,0.3976483,-0.12936153987772647,-0.1998536870956217,right_wink59.webp,2,left_closed
0.1926547290233555,0.2789379015116937,0.2357963152675246,-0.08628317248833817,0.6906724686006107,0.74331874,-0.12622617046512943,-0.19745923570567278,right_wink6.webp,2,left_closed
0.145694150993834,0.1685391218767092,0.1571166364352716,-0.022844970882875182,0.8644530087228834,-1.5397223,-0.1203666708709753,-0.13734012977155463,right_wink60.webp,2,left_closed
0.1583400618709058,0.1720066192115788,0.1651733405412423,-0.013666557340673013,0.920546328953409,-0.8518228,-0.12698582348453374,-0.14108206529349848,right_wink61.webp,2,left_closed
0.12637013911477138,0.17336200336349972,0.14986607123913553,-0.04699186424872834,0.7289379256295432,-0.6184998,-0.09783907700982439,-0.14194576421744018,right_wink62.webp,2,left_closed
0.1474153700948949,0.16829253440692038,0.15785395225090765,-0.020877164312025492,0.8759471750449377,-4.2145085,-0.126290265095848,-0.1462436530295414,right_wink63.webp,2,left_closed
0.18383320421586694,0.2171432474788446,0.20048822584735576,-0.03331004326297765,0.8465987607271881,4.4710374,-0.15683047252833002,-0.18592740739720254,right_wink64.webp,2,left_closed
0.1795982561737751,0.18108825262588146,0.1803432543998283,-0.0014899964521063735,0.9917719872465465,-2.036561,-0.14306676738261276,-0.14806461034594004,right_wink65.webp,2,left_closed
0.17962819345651831,0.197424972916026,0.18852658318627216,-0.017796779459507694,0.909855479797495,15.372789,-0.13980728917930896,-0.15641345729296793,right_wink66.webp,2,left_closed
0.1905564181465677,0.2131929984276503,0.20187470828710902,-0.02263658028108259,0.8938211833970495,23.293219,-0.1377466012740528,-0.15034750678345188,right_wink67.webp,2,left_closed
0.18193608423126711,0.25030756719916913,0.21612182571521812,-0.06837148296790202,0.7268501159076066,-2.6914234,-0.12738427282468967,-0.17957740153130944,right_wink68.webp,2,left_closed
0.17698001114896716,0.24592618022767082,0.211453095688319,-0.06894616907870366,0.7196468915392601,0.45193765,-0.14324605510985713,-0.19696194628053537,right_wink69.webp,2,left_closed
0.17118250137669658,0.2296885055496903,0.20043550346319344,-0.05850600417299373,0.7452810969666191,-1.6218778,-0.12907530162170439,-0.17695954795669214,right_wink7.webp,2,left_closed
0.11999435188993071,0.16452833289181892,0.14226134239087482,-0.04453398100188821,0.7293233316162615,-0.19471209,-0.09144204260711185,-0.132878429357643,right_wink70.webp,2,left_closed
0.1685220466321102,0.20583754128846093,0.18717979396028556,-0.03731549465635073,0.8187138535430873,7.774001,-0.12119742044509274,-0.15253256026402484,right_wink71.webp,2,left_closed
0.17407463672792742,0.2439223553997447,0.20899849606383605,-0.06984771867181727,0.7136477361521478,-2.5235765,-0.12130587948329676,-0.17516724433118377,right_wink72.webp,2,left_closed
0.18939015618255345,0.18857161864184863,0.18898088741220104,0.0008185375407048223,0.9956780354522976,-2.063428,-0.14851534592465637,-0.15134953729719514,right_wink73.webp,2,left_closed
0.13499839471681105,0.1699387434121575,0.15246856906448428,-0.03494034869534646,0.7943944506485812,0.5710874,-0.08022955549602187,-0.10858622795345456,right_wink74.webp,2,left_closed
0.1706516303565785,0.2051334295591241,0.18789252995785127,-0.0344817992025456,0.8319055101030856,1.523752,-0.13530512865304975,-0.1681316636739095,right_wink75.webp,2,left_closed
0.19210263708996095,0.2181750437633228,0.20513884042664188,-0.02607240667336186,0.8804977589387111,23.196602,-0.13778776893743233,-0.1536397955884393,right_wink76.webp,2,left_closed
0.20200557836645522,0.25665841293883385,0.22933199565264453,-0.05465283457237863,0.7870600306976754,-1.8176312,-0.1468247403990783,-0.1885795704244622,right_wink77.webp,2,left_closed
0.18874011232585208,0.2517610191742218,0.22025056575003693,-0.0630209068483697,0.7496796483622493,3.5375066,-0.1400835718034051,-0.18418935077327012,right_wink78.webp,2,left_closed
0.16541755325499902,0.20810985414462846,0.18676370369981374,-0.04269230088962944,0.794856898703317,7.965187,-0.12592374465456535,-0.16060796605662842,right_wink79.webp,2,left_closed
0.13766864694797687,0.17334192794106476,0.1555052874445208,-0.03567328099308789,0.7942028139596059,-2.020382,-0.10623453378616692,-0.13857910601049278,right_wink8.webp,2,left_closed
0.1517122005341853,0.19856686353030722,0.17513953203224625,-0.046854662996121926,0.7640358408090053,3.501791,-0.11794503806708395,-0.15630965283277917,right_wink80.webp,2,left_closed
0.1820675825964607,0.2177972215321414,0.19993240206430105,-0.03572963893568071,0.8359499782213341,0.67457086,-0.14986931172788878,-0.16740242315420603,right_wink81.webp,2,left_closed
0.17973727056942587,0.19095598948082818,0.18534663002512702,-0.011218718911402303,0.9412497144399409,-2.1245768,-0.1422441656963801,-0.15514954483086582,right_wink82.jpg,2,left_closed
0.1822753400920063,0.24916747980911766,0.215721409950562,-0.06689213971711136,0.7315374391218464,-2.482548,-0.12953888669298586,-0.17998113266103416,right_wink83.webp,2,left_closed
0.16047611882407825,0.2293263249807408,0.19490122190240952,-0.06885020615666254,0.6997719029315771,-5.287163,-0.14472692850280222,-0.19570142518062003,right_wink84.webp,2,left_closed
0.15533933261553148,0.1786255092526585,0.166982420934095,-0.02328617663712701,0.8696368915360815,-0.31022117,-0.12511947547664967,-0.14493064211713588,right_wink85.webp,2,left_closed
0.1697849409166656,0.24665542357186346,0.20822018224426453,-0.07687048265519786,0.6883487030529393,-8.727537,-0.12689634939159608,-0.17702964199508378,right_wink86.webp,2,left_closed
0.18089301441784053,0.24944989923379965,0.2151714568258201,-0.06855688481595912,0.7251677189426186,0.1642156,-0.13939723160146092,-0.19207431774621872,right_wink87.webp,2,left_closed
0.16181252673017324,0.23365958813867255,0.1977360574344229,-0.07184706140849931,0.6925139602409149,-1.926045,-0.11382974520285467,-0.17258207917924032,right_wink88.webp,2,left_closed
0.2240075437131328,0.2757187125112505,0.24986312811219166,-0.05171116879811771,0.8124495492992422,-6.9983935,-0.16602563243176272,-0.2012655489237153,right_wink9.webp,2,left_closed
0.17519090718753383,0.21737316404797077,0.19628203561775232,-0.042182256860436945,0.8059454254844081,-0.22789645,-0.12357729178187356,-0.15940027335236193,right_wink90.webp,2,left_closed
0.1235879711211558,0.15949337972320138,0.14154067542217857,-0.03590540860204558,0.7748783763667249,-1.5119895,-0.10034734340818081,-0.12964020830813672,right_wink91.webp,2,left_closed
0.158328484721354,0.19541335321522318,0.1768709189682886,-0.03708486849386919,0.8102234679273689,7.728351,-0.13373371410987203,-0.1575394574562363,right_wink92.webp,2,left_closed
0.1630804228975342,0.1972889416949844,0.18018468229625928,-0.03420851879745021,0.8266070135327819,9.730419,-0.13169120898800843,-0.15866890490820146,right_wink93.webp,2,left_closed
0.18234466211212,0.22923122147201042,0.20578794179206522,-0.04688655935989042,0.7954617217549689,0.5511275,-0.13431298366544783,-0.17213471475396513,right_wink94.webp,2,left_closed
0.0998198648970319,0.15080002084988228,0.1253099428734571,-0.05098015595285038,0.6619353520938842,-1.4740275,-0.06467624506571079,-0.1151250954735296,right_wink95.webp,2,left_closed
0.1951312018945252,0.25839839367691797,0.2267647977857216,-0.06326719178239276,0.7551564044879577,16.921267,-0.14411693545775134,-0.1868296136037376,right_wink96.webp,2,left_closed
0.09581587517463282,0.14374370555056762,0.11977979036260022,-0.0479278303759348,0.6665744062158306,-14.828007,-0.053673933369844384,-0.10442606222986028,right_wink97.webp,2,left_closed
0.12519955495464719,0.1482305926931979,0.13671507382392256,-0.023031037738550725,0.8446269604667945,-11.614577,-0.10252368140257123,-0.1205927626442269,right_wink98.webp,2,left_closed
0.16926566985107322,0.20197757046605727,0.18562162015856526,-0.03271190061498405,0.8380419145576298,-3.7597826,-0.12435104749593141,-0.15252605707653538,right_wink99.webp,2,left_closed
0.18610365467321285,0.16402292877626118,0.175063291724737,0.022080725896951675,0.881352540143695,-0.25657338,-0.11822665172514572,-0.09981876985924579,IMG_20260803_152855.jpg,3,right_closed
0.2078267512549141,0.17026290173568762,0.18904482649530086,0.03756384951922648,0.819254021475071,-0.5218702,-0.14415296648855797,-0.11720330299880469,left_wink10.webp,3,right_closed
0.22487700451088255,0.19394418044103823,0.2094105924759604,0.030932824069844322,0.8624455882577919,-12.140947,-0.17358569697403528,-0.15251816622692754,left_wink100.jpeg,3,right_closed
0.21456537181721677,0.17797692423588712,0.19627114802655193,0.03658844758132965,0.8294764561893123,2.512178,-0.14475862495976125,-0.11599565809928845,left_wink102.webp,3,right_closed
0.18294887221667747,0.14293093518328187,0.16293990369997968,0.040017937033395595,0.7812616358410784,0.25749806,-0.14336360887574687,-0.11170101552431655,left_wink103.webp,3,right_closed
0.20115806437831,0.1467391815650697,0.17394862297168984,0.05441888281324028,0.729472029960992,-3.478018,-0.1433842737509286,-0.0945632040033107,left_wink104.webp,3,right_closed
0.1900947578271658,0.15865631357025725,0.17437553569871153,0.03143844425690856,0.8346169846225197,6.697227,-0.12648196708333068,-0.0965068659527669,left_wink105.webp,3,right_closed
0.21704986171712692,0.18073736912602525,0.19889361542157608,0.03631249259110167,0.832699766294132,5.0733914,-0.16001851855021806,-0.13921799599571322,left_wink106.webp,3,right_closed
0.21963345946351764,0.2106983445289733,0.21516590199624547,0.008935114934544353,0.9593180612991777,5.251981,-0.16035839105978011,-0.15477755303165724,left_wink107.webp,3,right_closed
0.21465543584735453,0.15693256967616936,0.18579400276176194,0.05772286617118516,0.7310905920303227,-11.403024,-0.16434798453376692,-0.12152390576368105,left_wink109.jpeg,3,right_closed
0.23806376246231148,0.20533602303386028,0.22169989274808588,0.0327277394284512,0.8625253205698099,1.8534989,-0.17359848687171195,-0.15099167348593714,left_wink11.webp,3,right_closed
0.23946102992822807,0.18939132577488113,0.2144261778515546,0.05006970415334694,0.790906669998229,-1.6004982,-0.17211805531723098,-0.13457350680883642,left_wink110.jpg,3,right_closed
0.17483417068018767,0.14710952203414013,0.16097184635716388,0.02772464864604754,0.8414231695200913,31.814108,-0.1206642550201241,-0.10064823105005359,left_wink111.webp,3,right_closed
0.191652080742436,0.13992625790747995,0.16578916932495796,0.05172582283495605,0.7301056026390284,-1.9784523,-0.15223565157320781,-0.107924841565759,left_wink112.webp,3,right_closed
0.24831409062104445,0.2250187209870366,0.23666640580404052,0.023295369634007856,0.9061858729976011,0.8472013,-0.17474623384497054,-0.1603057705966882,left_wink113.jpg,3,right_closed
0.2255905367014885,0.1732627362346388,0.19942663646806363,0.05232780046684968,0.7680407997960829,-0.3011149,-0.16279127127344512,-0.12419366144911531,left_wink120.webp,3,right_closed
0.2057108182261393,0.18493560500879316,0.19532321161746624,0.020775213217346128,0.8990076778825128,1.6127516,-0.14916056977113404,-0.13676242880703757,left_wink121.webp,3,right_closed
0.20646900070982105,0.1639336200877458,0.18520131039878343,0.042535380622075236,0.7939866010110835,-1.00093,-0.17136961260818984,-0.14329548110576987,left_wink122.webp,3,right_closed
0.24481040963600584,0.21251057767123316,0.2286604936536195,0.03229983196477268,0.8680618523828403,10.087086,-0.1737372952368286,-0.14953021121578328,left_wink123.webp,3,right_closed
0.22856351165710592,0.1739028961532588,0.20123320390518235,0.054660615503847126,0.7608515239044379,-14.858486,-0.16807640699083468,-0.1352533481671435,left_wink124.webp,3,right_closed
0.22169672914428007,0.19503271561281507,0.20836472237854758,0.026664013531464997,0.8797275285278924,-12.841828,-0.158471938603552,-0.14177073910538635,left_wink125.webp,3,right_closed
0.184524102595967,0.16215107014230143,0.1733375863691342,0.022373032453665564,0.8787527908879555,-2.6433065,-0.15185110560530543,-0.13839028215049629,left_wink127.webp,3,right_closed
0.1429402153558023,0.10736839471518823,0.12515430503549527,0.03557182064061408,0.7511419683252203,6.027418,-0.09411954826135568,-0.06519788615003654,left_wink128.webp,3,right_closed
0.20401679814203572,0.16476555134862436,0.18439117474533004,0.039251246793411354,0.8076077697970498,5.7507577,-0.1596086303118499,-0.12720835010726825,left_wink129.webp,3,right_closed
0.24181154349280437,0.20040718228461782,0.22110936288871108,0.04140436120818655,0.828774256968346,-0.084803425,-0.18038001394504097,-0.1492926843858622,left_wink131.webp,3,right_closed
0.20289268226691204,0.18482093361887236,0.1938568079428922,0.018071748648039676,0.9109295197533753,3.4698677,-0.14188151618113035,-0.12615711669330998,left_wink132.webp,3,right_closed
0.2280599515320368,0.15661171843166288,0.19233583498184983,0.0714482331003739,0.6867129339438749,-20.649607,-0.15343824662946634,-0.1120663300892494,left_wink133.webp,3,right_closed
0.22024443843132463,0.19834368281203266,0.20929406062167866,0.021900755619291973,0.9005615952199358,0.38349563,-0.14071012062133623,-0.12849000883077152,left_wink134.webp,3,right_closed
0.23335674343201615,0.19676201919997194,0.21505938131599406,0.03659472423204421,0.843181201049348,3.3943982,-0.17142148415560507,-0.14453406993687892,left_wink135.webp,3,right_closed
0.1795623689227443,0.1415135611528109,0.16053796503777762,0.038048807769933385,0.7881025517863174,-5.919117,-0.1415036762289608,-0.11242111428746551,left_wink137.webp,3,right_closed
0.1884495749408563,0.16400008868065358,0.17622483181075493,0.024449486260202713,0.8702597961928222,-0.09991478,-0.14596195547599286,-0.1298507535865924,left_wink138.webp,3,right_closed
0.23556371243634452,0.18865022397860082,0.21210696820747266,0.04691348845774371,0.8008458604573021,1.4083223,-0.17046852037166013,-0.1453062416558728,left_wink139.webp,3,right_closed
0.17371765626141764,0.1444455556254293,0.15908160594342347,0.02927210063598834,0.8314961111843551,2.5394483,-0.11612400277298303,-0.09230685497584183,left_wink14.webp,3,right_closed
0.23958013747962445,0.18929598748147164,0.21443806248054803,0.05028414999815281,0.7901155307483313,1.4074327,-0.16392625633379243,-0.12531244952784343,left_wink140.webp,3,right_closed
0.1637717213839338,0.1302632026497958,0.1470174620168648,0.033508518734138015,0.7953949653152682,2.798317,-0.1198167106337409,-0.08775318322671752,left_wink141.webp,3,right_closed
0.1802502309252971,0.15793917473145014,0.16909470282837363,0.022311056193846962,0.8762217608304005,-6.945477,-0.1494639673481197,-0.1368445146012549,left_wink142.webp,3,right_closed
0.19779137869702207,0.19547224510058042,0.19663181189880125,0.002319133596441647,0.9882748499367401,0.5713538,-0.15380534945963342,-0.14978529278589556,left_wink143.webp,3,right_closed
0.19652006734753608,0.16411781437533124,0.18031894086143366,0.03240225297220484,0.8351198765116284,-0.34653285,-0.13668891921308268,-0.11605213358783736,left_wink144.webp,3,right_closed
0.2315145152971959,0.16665476198663218,0.19908463864191406,0.06485975331056373,0.719845845400652,1.4021751,-0.16106800939687627,-0.11805795646294398,left_wink145.webp,3,right_closed
0.19981281751398164,0.1713703163926234,0.18559156695330253,0.028442501121358238,0.8576542712563071,27.836517,-0.14978633351944357,-0.12776967411309634,left_wink146.webp,3,right_closed
0.21503908177121533,0.16410928571579542,0.18957418374350538,0.05092979605541992,0.7631602793504987,-0.72385097,-0.15573024293571747,-0.11549930478871168,left_wink147.webp,3,right_closed
0.29060518005046343,0.20501117216352432,0.24780817610699388,0.0855940078869391,0.7054628968689555,4.3734345,-0.19614840121652596,-0.13934905389788754,left_wink148.webp,3,right_closed
0.22491737799266914,0.2068919457302365,0.21590466186145282,0.01802543226243264,0.919857538695742,2.3718717,-0.14801895705038118,-0.12927344745132607,left_wink149.webp,3,right_closed
0.20478505934573127,0.17647770850936007,0.19063138392754567,0.028307350836371203,0.8617704293134935,-7.938971,-0.16279036363392643,-0.14544942419540471,left_wink15.webp,3,right_closed
0.23155693994741067,0.1752186444015109,0.2033877921744608,0.05633829554589978,0.7566978750077848,4.2746816,-0.15593047163845056,-0.11298998783311998,left_wink150.webp,3,right_closed
0.2194774090631409,0.18661899579491137,0.20304820242902613,0.032858413268229525,0.8502879480467324,2.3026206,-0.15181302014152417,-0.1361672641109545,left_wink152.webp,3,right_closed
0.18577946369517334,0.1734733565684575,0.1796264101318154,0.012306107126715843,0.9337595938649726,4.6654887,-0.1546779581659884,-0.14515318652220802,left_wink153.webp,3,right_closed
0.2410545148052847,0.1997715407112001,0.2204130277582424,0.0412829740940846,0.8287400917280826,-6.637755,-0.16832070972436053,-0.14148458697506236,left_wink154.webp,3,right_closed
0.19453853913072985,0.1674488295857515,0.18099368435824068,0.027089709544978358,0.8607488795483651,3.6578712,-0.14923954003020562,-0.1329778446908206,left_wink156.webp,3,right_closed
0.1880835218651814,0.1802431886373968,0.1841633552512891,0.007840333227784602,0.9583146192179208,-3.5708945,-0.1457520762856346,-0.14276481754947057,left_wink157.webp,3,right_closed
0.23271880671046338,0.18524322614780545,0.20898101642913441,0.04747558056265794,0.7959959436294095,6.515349,-0.16225903247999024,-0.13327012994073834,left_wink158.webp,3,right_closed
0.20661988514951357,0.15516380293733353,0.18089184404342357,0.05145608221218004,0.750962584385595,-0.45950323,-0.15063728710704485,-0.1092585916039508,left_wink159.webp,3,right_closed
0.23693603782068468,0.18862681202444348,0.21278142492256408,0.048309225796241195,0.7961085774853631,2.1845634,-0.16470880129454485,-0.13150168528549375,left_wink16.webp,3,right_closed
0.1464213379912086,0.12687959250407388,0.13665046524764124,0.01954174548713472,0.8665375842398869,-2.0294533,-0.12044641453813223,-0.10542774502636057,left_wink160.webp,3,right_closed
0.21762986592493686,0.19496828350849127,0.20629907471671405,0.022661582416445586,0.8958709903159071,22.056282,-0.1638365201939767,-0.14887667089354736,left_wink161.webp,3,right_closed
0.14613541050699363,0.12007893011587657,0.1331071703114351,0.026056480391117062,0.8216963273944471,6.8899827,-0.0970413654278043,-0.08051026103544993,left_wink163.webp,3,right_closed
0.24359239771534721,0.2087875354961909,0.22618996660576907,0.034804862219156324,0.8571184382370259,-0.89025813,-0.1667382676240381,-0.13552184203822887,left_wink17.jpg,3,right_closed
0.18721135375029332,0.1489500487881833,0.1680807012692383,0.038261304962110027,0.7956250825836995,-1.9973681,-0.13383367985875128,-0.10163276726054954,left_wink18.webp,3,right_closed
0.19000764595334993,0.13326681138238228,0.16163722866786612,0.05674083457096765,0.7013760457571351,2.5652874,-0.11661517351145284,-0.07087397691566413,left_wink19.webp,3,right_closed
0.24717995273642188,0.20215487440786925,0.22466741357214556,0.045025078328552626,0.8178449432079764,1.7978541,-0.19292088622594622,-0.16875588542176934,left_wink2.webp,3,right_closed
0.1838010801346267,0.17070802859559492,0.1772545543651108,0.013093051539031786,0.9287651001319379,2.2714734,-0.14086577622518634,-0.1349546646889828,left_wink20.webp,3,right_closed
0.18541167814622606,0.16443540431827522,0.17492354123225062,0.020976273827950837,0.8868664906241355,-0.21723768,-0.14375104730413546,-0.13217874543887606,left_wink21.webp,3,right_closed
0.24149772454172636,0.17370442949920029,0.20760107702046332,0.06779329504252607,0.7192797771855916,23.526768,-0.1680608239595218,-0.11542421401700777,left_wink22.webp,3,right_closed
0.19781499130804997,0.15290170938549233,0.17535835034677116,0.04491328192255764,0.772953093061507,-2.0651472,-0.15912378707934874,-0.12038267533734653,left_wink24.jpg,3,right_closed
0.2313183533469162,0.19305267653380614,0.21218551494036117,0.03826567681311005,0.8345756994226841,-2.9462118,-0.16356877014081164,-0.13644501907766685,left_wink25.webp,3,right_closed
0.2811154665393558,0.2175672656874294,0.2493413661133926,0.06354820085192642,0.7739427089009713,8.442374,-0.19103198525743847,-0.14511222659698259,left_wink26.webp,3,right_closed
0.1936333289852429,0.1440432354010357,0.1688382821931393,0.04959009358420721,0.7438969115281463,5.238022,-0.12252973720530472,-0.08151851103239366,left_wink27.webp,3,right_closed
0.14788149595688616,0.14407847717220534,0.14597998656454575,0.0038030187846808117,0.9742833357204504,-1.0385509,-0.11692717633423709,-0.12167062713313345,left_wink28.jpg,3,right_closed
0.16313177651090613,0.12480687344836422,0.14396932497963516,0.03832490306254191,0.7650678250292964,2.9723752,-0.1238227770464625,-0.09880696621437152,left_wink29.jpg,3,right_closed
0.20017124107170997,0.1856925409961776,0.1929318910339438,0.01447870007553237,0.9276684302999076,-22.261776,-0.15392958571800436,-0.1435195505018735,left_wink3.webp,3,right_closed
0.22734415622550497,0.1837940744446691,0.20556911533508704,0.04355008178083586,0.8084398451058575,5.651026,-0.1640053246505631,-0.1401764480667614,left_wink31.jpg,3,right_closed
0.18182364936107834,0.16348214335623293,0.17265289635865563,0.01834150600484541,0.8991247504419981,0.12399185,-0.14321917832110473,-0.13331887901977116,left_wink32.webp,3,right_closed
0.2244607457457337,0.18742256872724408,0.20594165723648888,0.037038177018489604,0.8349904037989521,2.881694,-0.16375519574185504,-0.13617382096400105,left_wink33.jpg,3,right_closed
0.1918105791821173,0.17167969542605993,0.18174513730408862,0.02013088375605737,0.8950481050529344,-12.582155,-0.15525682101461194,-0.13808112541305653,left_wink34.jpg,3,right_closed
0.1888054320849248,0.16683247709528903,0.17781895459010694,0.02197295498963578,0.8836211715574352,-1.5377551,-0.1492780099322666,-0.12834345851882356,left_wink35.jpg,3,right_closed
0.19494147405387363,0.1494253508248582,0.1721834124393659,0.04551612322901544,0.7665139065459375,-0.6241797,-0.1434397431301378,-0.10939159023571407,left_wink36.webp,3,right_closed
0.22432324835902914,0.17292213558581618,0.19862269197242266,0.051401112773212965,0.7708614102674479,-9.466938,-0.1655137536254007,-0.11396694828435265,left_wink37.webp,3,right_closed
0.25886164719863974,0.24067639536509286,0.2497690212818663,0.018185251833546884,0.9297491458068631,0.3790425,-0.17783295375975222,-0.163266270144596,left_wink38.jpg,3,right_closed
0.179287198893676,0.16214517014775856,0.1707161845207173,0.017142028745917443,0.9043878823937491,-2.802045,-0.14049125313155383,-0.12555998626073417,left_wink39.jpg,3,right_closed
0.1667003772939419,0.12531681516987567,0.1460085962319088,0.04138356212406624,0.7517488394696622,5.3798785,-0.12235007085983857,-0.08674841504278236,left_wink40.webp,3,right_closed
0.2620193855004492,0.17071083243653232,0.21636510896849076,0.09130855306391686,0.6515198564811521,-2.8879273,-0.17523799644741508,-0.11312592996673876,left_wink41.webp,3,right_closed
0.2156032422602895,0.17670257880128223,0.19615291053078587,0.03890066345900728,0.819572919909785,5.774283,-0.16755591859258004,-0.13420375525694916,left_wink42.webp,3,right_closed
0.17873986354813373,0.17511999637047201,0.17692992995930287,0.0036198671776617175,0.9797478463628405,5.626525,-0.1467306320537571,-0.1426643591731459,left_wink43.webp,3,right_closed
0.23186678845417463,0.18789367594589484,0.20988023220003474,0.04397311250827979,0.810351828300022,10.969585,-0.16962119290202066,-0.13354847512222895,left_wink44.webp,3,right_closed
0.20737863232906387,0.1543277959386611,0.1808532141338625,0.053050836390402756,0.7441836905056696,22.13246,-0.1584932613828913,-0.12038554212145913,left_wink45.webp,3,right_closed
0.20498127799742882,0.16378975267500875,0.18438551533621877,0.04119152532242007,0.7990473777661941,-0.74388826,-0.15474231725411033,-0.11756482495259968,left_wink46.webp,3,right_closed
0.22505630768694987,0.1960869290154056,0.21057161835117771,0.028969378671544282,0.8712794190516967,2.5693555,-0.15375960864291902,-0.13276296928002124,left_wink47.jpg,3,right_closed
0.2440574056803836,0.1730205669046432,0.20853898629251338,0.07103683877574038,0.708933893738222,23.270306,-0.16891661575842276,-0.11369858551886287,left_wink48.webp,3,right_closed
0.20001488994611388,0.16859846450923743,0.18430667722767566,0.03141642543687645,0.8429295666670598,3.4107769,-0.15344338501633314,-0.13181163704584048,left_wink49.webp,3,right_closed
0.2338908874429027,0.18560745659623212,0.20974917201956741,0.04828343084667058,0.793564292416234,1.6310697,-0.16493543273165084,-0.1392121568639254,left_wink50.jpeg,3,right_closed
0.29373927872246886,0.21935017601357545,0.25654472736802214,0.0743891027088934,0.7467512583525548,-1.997556,-0.1957329200698644,-0.15286502713832173,left_wink51.webp,3,right_closed
0.23983240459441693,0.18862669859050615,0.21422955159246154,0.05120570600391078,0.7864937972393461,1.8060471,-0.1607172550729122,-0.12110413320048369,left_wink52.webp,3,right_closed
0.14248105664013977,0.14114959353115744,0.1418153250856486,0.0013314631089823281,0.9906551569704795,0.97221965,-0.11567638279888483,-0.1112751702774881,left_wink54.webp,3,right_closed
0.17273651102949938,0.1898891027976524,0.18131280691357587,-0.017152591768153008,0.9096704786349379,5.851653,-0.13172524900614302,-0.14670505598047115,left_wink55.webp,3,right_closed
0.2382253566171919,0.21143962719926992,0.2248324919082309,0.026785729417921983,0.8875613839001849,4.154145,-0.16965777043756963,-0.1530950056941505,left_wink56.webp,3,right_closed
0.21996276765139677,0.1668357240262426,0.19339924583881968,0.05312704362515416,0.7584725624595186,15.216467,-0.15881556954883203,-0.12578254516400422,left_wink58.webp,3,right_closed
0.27977388795006064,0.23725589665829755,0.2585148923041791,0.04251799129176309,0.8480273066107138,-1.1113816,-0.18911912303028416,-0.15420888986297118,left_wink59.webp,3,right_closed
0.23526456495538842,0.20903772392703177,0.2221511444412101,0.02622684102835665,0.8885219241013628,4.034041,-0.16933839441567491,-0.15336472637682447,left_wink60.webp,3,right_closed
0.18092450050966116,0.13833487009125728,0.15962968530045923,0.042589630418403884,0.7645999834271774,1.9450604,-0.12954892441743265,-0.092528482538656,left_wink61.webp,3,right_closed
0.21755966786717135,0.21229512056064015,0.21492739421390575,0.005264547306531198,0.9758018232049085,-2.5557215,-0.16000160095721158,-0.1574388018171119,left_wink62.webp,3,right_closed
0.17563989684198067,0.15338324670304382,0.16451157177251224,0.02225665013893685,0.87328249139795,1.8174673,-0.1289950473855181,-0.1138236602493081,left_wink64.webp,3,right_closed
0.21064493375489704,0.17235727932314002,0.19150110653901853,0.03828765443175702,0.8182360536792785,-0.5094308,-0.14788888362864241,-0.12087421213190343,left_wink65.webp,3,right_closed
0.23673686780211575,0.19200363505781198,0.21437025142996385,0.04473323274430377,0.8110423899766406,6.7943635,-0.16482163975221809,-0.13918454552743345,left_wink66.webp,3,right_closed
0.2291683839878282,0.18974601057998736,0.20945719728390777,0.039422373407840855,0.8279763869612368,7.6856,-0.14318439267794347,-0.11927695839117519,left_wink67.webp,3,right_closed
0.22111450839283528,0.21912969418161066,0.22012210128722298,0.0019848142112246225,0.9910235912349162,-2.4791048,-0.15898673189547674,-0.1595631972228515,left_wink68.webp,3,right_closed
0.10046467231908304,0.05635183385994025,0.07840825308951165,0.044112838459142795,0.5609119360979227,3.7309895,-0.047808366458422645,0.0004511768394791443,left_wink69.webp,3,right_closed
0.29304964480286144,0.2189722670154404,0.2560109559091509,0.07407737778742104,0.7472190152721259,-2.0061703,-0.19423618815788748,-0.1520070388056378,left_wink70.webp,3,right_closed
0.23764555168720303,0.18305961751504715,0.2103525846011251,0.054585934172155876,0.7703052559384588,-9.140585,-0.1760459452432665,-0.14439361411929538,left_wink71.webp,3,right_closed
0.21822760178640793,0.1797902905226917,0.1990089461545498,0.038437311263716245,0.8238659502782004,-1.6856846,-0.1619575374414514,-0.13735056775229268,left_wink72.webp,3,right_closed
0.20631345581924274,0.1958047794123348,0.20105911761578876,0.010508676406907946,0.9490645127086867,0.6781574,-0.16545875717352784,-0.15333980471118375,left_wink73.webp,3,right_closed
0.22629070127340464,0.16835715170445728,0.19732392648893096,0.05793354956894736,0.7439861680442981,-8.926703,-0.16765385327550314,-0.12985908514794267,left_wink74.webp,3,right_closed
0.18829773850977907,0.1721695998491536,0.18023366917946632,0.016128138660625485,0.9143476773100603,4.609329,-0.15603392354878928,-0.14404471434258848,left_wink75.webp,3,right_closed
0.1742000717923962,0.15484929283032128,0.16452468231135875,0.019350778962074905,0.8889163548386118,3.04317,-0.13438698151655248,-0.11432103223306637,left_wink77.webp,3,right_closed
0.2177541147160209,0.19590232150416298,0.20682821811009194,0.02185179321185793,0.8996492294055823,2.299434,-0.15952178521526172,-0.14603367948122528,left_wink78.webp,3,right_closed
0.18913706168698435,0.17461068774158828,0.18187387471428632,0.014526373945396076,0.9231965759865893,4.57462,-0.15731312835987266,-0.14588423680021734,left_wink79.webp,3,right_closed
0.20391935620361434,0.1617630501036838,0.18284120315364907,0.04215630609993054,0.7932697175748373,3.7403579,-0.15084585053447336,-0.12182735854974562,left_wink8.webp,3,right_closed
0.19582237738752062,0.17851488993454998,0.1871686336610353,0.017307487452970644,0.9116163960224005,-0.12666059,-0.14939383260524222,-0.14080217469814632,left_wink80.webp,3,right_closed
0.25023549598911643,0.17298164371912275,0.21160856985411958,0.07725385226999368,0.6912754045359188,-2.853324,-0.18468928851567026,-0.12384474557178052,left_wink81.webp,3,right_closed
0.19900338302196677,0.17230445567797592,0.18565391934997133,0.026698927343990847,0.86583681674877,-6.182302,-0.1545864928990359,-0.13408807154065422,left_wink82.webp,3,right_closed
0.19631926842132202,0.1650928430525065,0.18070605573691426,0.031226425368815536,0.8409405983431014,2.0545053,-0.14326613499956606,-0.1191844668734859,left_wink83.webp,3,right_closed
0.1565666072944668,0.11634288369047711,0.13645474549247197,0.040223723603989694,0.7430887447900186,1.166804,-0.1049224928262091,-0.0675914032068366,left_wink84.webp,3,right_closed
0.20483909817240406,0.16256052988109118,0.18369981402674762,0.04227856829131288,0.7936010816854463,-18.204533,-0.14218326355356586,-0.11522700484925928,left_wink85.webp,3,right_closed
0.23204091732502477,0.20170449981575037,0.21687270857038757,0.030336417509274405,0.8692626375598166,1.7294558,-0.15777517859235918,-0.13794147417940375,left_wink86.webp,3,right_closed
0.16976811434551514,0.13872781761471692,0.15424796598011603,0.031040296730798222,0.8171606202350552,-5.689547,-0.11353190701086993,-0.09495699772618058,left_wink87.webp,3,right_closed
0.1698895313048633,0.1443583121469926,0.15712392172592796,0.02553121915787071,0.8497187027253877,-0.6928067,-0.1324796111004577,-0.10291211113567734,left_wink89.webp,3,right_closed
0.26327998146649845,0.19574298225100195,0.2295114818587502,0.0675369992154965,0.7434784109323163,4.544277,-0.19221652545514706,-0.1397157631334432,left_wink9.webp,3,right_closed
0.19396034777277477,0.17946007854843762,0.1867102131606062,0.014500269224337142,0.9252410640069368,4.609347,-0.1600591831924013,-0.14867380647461204,left_wink90.webp,3,right_closed
0.17651444923471954,0.1563941187964693,0.16645428401559442,0.020120330438250233,0.8860131251266842,-8.252226,-0.16273427337935048,-0.14646308062239047,left_wink91.webp,3,right_closed
0.19648350215061464,0.18022979648066814,0.1883566493156414,0.016253705669946494,0.9172769953098291,3.471458,-0.15198739122068688,-0.14220612928683485,left_wink92.webp,3,right_closed
0.20772307567012988,0.14829534896800065,0.17800921231906525,0.05942772670212923,0.7139088832070726,-5.9090815,-0.13788227967031128,-0.09659161827558377,left_wink93.webp,3,right_closed
0.1679573409421379,0.15287288369487645,0.1604151123185072,0.015084457247261457,0.9101887588678954,2.8632693,-0.13070993673497328,-0.11468414279021283,left_wink94.jpg,3,right_closed
0.22024306463908808,0.1829514553474996,0.20159725999329384,0.03729160929158848,0.8306797566920068,4.9214034,-0.16206464418791022,-0.1403647679144211,left_wink95.jpg,3,right_closed
0.21230525552763851,0.15549162139424158,0.18389843846094006,0.056813634133396934,0.7323964779289188,-13.245707,-0.1594266994404339,-0.11614761382987455,left_wink96.jpg,3,right_closed
0.19509169203067742,0.160461623296077,0.1777766576633772,0.03463006873460042,0.822493370301207,-2.8202035,-0.14504366964739607,-0.11117599186335626,left_wink97.webp,3,right_closed
0.1726135696420597,0.14802949153550718,0.16032153058878346,0.024584078106552526,0.8575773726391771,7.0568886,-0.13627718204084335,-0.11679355012142201,left_wink98.jpg,3,right_closed
0.19326597022027048,0.16016870755369106,0.17671733888698077,0.03309726266657942,0.8287475926110657,5.218063,-0.13597606646785282,-0.11616155276964281,left_wink99.jpg,3,right_closed
